x_450000,y_5000000,G_DGM10m
425676.478773,210862.908955,2773.53858142
425674.498874,210862.626113,2772.36102835
425672.518975,210862.34327,2771.17490301
425670.539076,210862.060427,2769.9802054
425668.63661,210861.449572,2768.92318461
425666.739243,210860.817117,2767.87115311
425664.882085,210860.099292,2766.86482229
425663.186088,210859.039294,2766.27549216
425661.490092,210857.979297,2765.69841886
425659.794095,210856.919299,2765.10397264
425658.071302,210855.920547,2764.38633087
425656.141775,210855.394312,2763.26648651
425654.212247,210854.868077,2762.1231118
425652.282719,210854.341842,2760.95620674
425650.353192,210853.815607,2759.76577134
425648.436565,210853.250878,2758.64645229
425646.579612,210852.508097,2757.60604176
425644.722659,210851.765316,2756.51773927
425643.115452,210850.593953,2755.676131
425641.553714,210849.344563,2754.92412031
425640.052101,210848.050568,2754.27750736
425639.30932,210846.193615,2754.48733022
425638.566539,210844.336661,2754.67283262
425637.325802,210842.808058,2754.37172048
425635.911589,210841.393844,2753.86777709
425634.387904,210840.131514,2753.19224369
425632.599049,210839.237087,2752.35929884
425630.744758,210838.543889,2751.39035572
425628.771971,210838.215091,2750.25182159
425626.799183,210837.886293,2749.16815253
425624.80675,210837.794859,2747.94722433
425622.896046,210837.416597,2746.89582507
425621.107191,210836.522169,2746.11163216
425619.318337,210835.627742,2745.32663139
425617.556622,210834.682604,2744.60454885
425615.820136,210833.690326,2743.87367327
425614.08365,210832.698049,2743.1009239
425612.345735,210831.70844,2742.28458501
425610.556881,210830.814012,2741.36672147
425608.768026,210829.919585,2740.54481281
425606.979172,210829.025158,2739.83931475
425605.190317,210828.130731,2739.09298075
425603.436622,210827.179415,2738.34448208
425601.836622,210825.979415,2737.71935247
425600.236622,210824.779415,2737.04521974
425598.636622,210823.579415,2736.46058399
425597.036622,210822.379415,2735.86769502
425596.236577,210820.59211,2735.83514679
425595.570937,210818.70613,2735.92971231
425594.905297,210816.820149,2736.03286033
425594.239657,210814.934168,2736.12347903
425593.574017,210813.048188,2736.20156841
425592.908376,210811.162207,2736.26712846
425592.242736,210809.276226,2736.34076216
425591.662005,210807.398813,2736.48271315
425592.690997,210805.683828,2737.62998993
425593.719989,210803.968842,2738.80502118
425593.667935,210802.253856,2739.26284597
425592.638944,210800.53887,2739.03287139
425591.609504,210798.824521,2738.90409959
425589.648342,210798.432289,2737.70329617
425587.687181,210798.040056,2736.70274285
425586.042602,210796.968443,2736.1134192
425584.480864,210795.719053,2735.60823904
425582.913586,210794.47891,2735.06853408
425581.075296,210793.691071,2734.19181333
425579.237006,210792.903232,2733.39612675
425577.398716,210792.115394,2732.73333693
425575.866775,210790.875067,2732.34812577
425574.452562,210789.460854,2732.06547068
425573.038348,210788.04664,2731.77280081
425571.649215,210786.61435,2731.48272149
425570.754787,210784.825495,2731.53170549
425569.877316,210783.029027,2731.5931904
425569.134534,210781.172073,2731.81044332
425568.391753,210779.31512,2732.18682287
425567.253805,210777.688442,2732.57639136
425566.004415,210776.126704,2732.92749932
425564.749575,210774.574507,2733.30976269
425562.769676,210774.291664,2732.77854678
425560.789777,210774.008822,2732.25829571
425558.809878,210773.725979,2731.80765568
425556.829979,210773.443136,2731.40806546
425554.85008,210773.160293,2731.0208975
425552.870181,210772.877451,2730.64615182
425550.890282,210772.594608,2730.2838284
425548.910383,210772.311765,2729.87278932
425546.930484,210772.028923,2729.40949638
425544.983152,210771.579826,2729.06158887
425543.042867,210771.094755,2728.72942556
425541.102582,210770.609684,2728.38621904
425539.150356,210770.191057,2727.912425
425537.162589,210769.970194,2727.1962566
425535.174821,210769.749331,2726.50162889
425533.187054,210769.528468,2725.79330739
425531.195244,210769.380597,2725.01928356
425529.195244,210769.380597,2724.15670565
425527.195244,210769.380597,2723.32589755
425525.195244,210769.380597,2722.49508944
425523.195244,210769.380597,2721.66428134
425521.237289,210769.524982,2720.77354369
425519.549966,210770.598733,2719.62274657
425517.862643,210771.672484,2718.65306033
425516.17532,210772.746235,2717.70029746
425514.487997,210773.819986,2716.76445796
425512.800674,210774.893737,2715.84554183
425511.050491,210775.852306,2714.96955042
425509.234572,210776.690422,2714.16924626
425507.418653,210777.528538,2713.42787676
425505.602735,210778.366655,2712.69878394
425503.786816,210779.204771,2711.98196779
425501.970897,210780.042887,2711.27659507
425500.445208,210781.167146,2710.51515027
425499.632931,210782.994769,2709.64396377
425498.820654,210784.822392,2708.76554919
425498.008377,210786.650015,2707.88148061
425497.172072,210788.454677,2706.99447496
425495.373998,210789.323136,2706.21689887
425493.421624,210789.756997,2705.56199203
425491.469249,210790.190858,2704.91128297
425489.516875,210790.624719,2704.26328996
425487.561723,210791.039235,2703.61524202
425485.566153,210791.172273,2703.05639472
425483.570583,210791.305311,2702.49640276
425481.575012,210791.438349,2701.93526615
425479.579442,210791.571387,2701.39018876
425477.583872,210791.704425,2700.90759492
425475.588302,210791.837463,2700.42253289
425473.602749,210791.730749,2700.03497541
425471.625234,210791.431696,2699.73134563
425469.647719,210791.132642,2699.45376963
425468.498442,210792.706566,2698.60298381
425467.211338,210794.207746,2697.75555043
425465.6496,210795.457136,2696.96594549
425464.087863,210796.706526,2696.17014771
425462.526125,210797.955916,2695.3681571
425460.964387,210799.205306,2694.55997365
425459.40265,210800.454696,2693.71885793
425457.590649,210801.274619,2692.94277438
425455.733696,210802.017401,2692.17671227
425453.802939,210802.376949,2691.54773943
425451.802939,210802.376949,2691.05504444
425449.826796,210802.649422,2690.43805755
425447.857229,210802.996993,2689.71084615
425445.887662,210803.344563,2688.98754892
425443.918095,210803.692134,2688.26816588
425441.948528,210804.039705,2687.55269702
425439.97896,210804.387275,2686.84085255
425438.009393,210804.734846,2686.11016886
425436.062148,210805.170494,2685.3640185
425434.164782,210805.80295,2684.57441153
425432.267415,210806.435406,2683.80583385
425430.503156,210806.073912,2683.43056298
425428.839056,210804.964511,2683.35138374
425427.174955,210803.855111,2683.26657756
425425.682846,210802.554307,2683.26870975
425424.402477,210801.017865,2683.38148792
425423.122108,210799.481422,2683.49454569
425421.832858,210797.95309,2683.61631322
425420.418645,210796.538877,2683.63131069
425419.004431,210795.124663,2683.79414104
425417.778265,210793.556287,2684.11642817
425416.635122,210791.927574,2684.48366938
425414.920137,210790.898583,2684.59131101
425413.205151,210789.869591,2684.71834404
425411.865646,210790.304072,2684.39076013
425410.857904,210792.03163,2683.66148707
425409.850162,210793.759188,2682.92691308
425408.84242,210795.486745,2682.2314339
425407.834678,210797.214303,2681.53975452
425406.826935,210798.941861,2680.85187493
425405.792258,210800.65315,2680.15570724
425404.73226,210802.349147,2679.41666154
425403.672262,210804.045144,2678.64499647
425402.612264,210805.74114,2677.84071202
425401.347144,210807.258198,2677.04531975
425399.810702,210808.538567,2676.27448514
425398.274259,210809.818936,2675.5228319
425396.737817,210811.099304,2674.85260393
425395.201374,210812.379673,2674.16550967
425393.664931,210813.660042,2673.44638095
425392.128489,210814.940411,2672.69521778
425390.592046,210816.22078,2671.91202016
425389.055604,210817.501148,2671.10398651
425387.519161,210818.781517,2670.28245192
425386.127329,210820.18574,2669.44824528
425385.098337,210821.900726,2668.73376001
425384.069346,210823.615712,2667.98531621
425382.442162,210824.664135,2667.26538301
425380.626244,210825.502252,2666.53531208
425378.810325,210826.340368,2665.82292675
425376.994406,210827.178484,2665.13294839
425375.178487,210828.016601,2664.44626956
425373.362568,210828.854717,2663.76289028
425371.529702,210829.654222,2663.0920189
425369.683548,210830.423452,2662.51632071
425367.837395,210831.192683,2662.0473304
425365.991241,210831.961914,2661.55520076
425364.145087,210832.731145,2661.03993179
425362.298933,210833.500375,2660.50152349
425360.574962,210834.511573,2659.90794595
425358.859976,210835.540565,2659.25581595
425357.14499,210836.569556,2658.58077551
425355.430005,210837.598548,2657.90074598
425353.715019,210838.627539,2657.21572736
425351.906777,210839.478934,2656.54757042
425350.086044,210840.30654,2655.92293292
425348.265311,210841.134145,2655.30787979
425346.444578,210841.961751,2654.69437864
425344.623845,210842.789357,2654.08568941
425342.786591,210843.579025,2653.48088523
425340.940437,210844.348256,2652.88016519
425339.094284,210845.117487,2652.30264638
425337.24813,210845.886718,2651.75197465
425335.401976,210846.655948,2651.20976954
425333.555822,210847.425179,2650.67603106
425331.709668,210848.19441,2650.1507592
425329.863514,210848.963641,2649.63863023
425328.017361,210849.732871,2649.18548338
425326.171207,210850.502102,2648.77596057
425324.325053,210851.271333,2648.38855448
425322.442013,210851.929215,2647.98656199
425320.501728,210852.414286,2647.5652048
425318.580443,210852.966974,2647.17845102
425316.671483,210853.563524,2646.80350384
425314.762523,210854.160074,2646.42586538
425312.853563,210854.756624,2646.04553564
425310.944604,210855.353174,2645.66251462
425309.035644,210855.949724,2645.28096505
425307.126684,210856.546274,2644.90795343
425305.186032,210856.935158,2644.5315525
425303.892605,210855.490469,2644.24387468
425302.664724,210853.911764,2643.95489063
425301.436843,210852.33306,2643.65431179
425300.208962,210850.754356,2643.34213814
425298.98108,210849.175651,2643.1211072
425299.82504,210847.389892,2643.38389137
425300.310111,210845.449607,2643.5983518
425300.686235,210843.49591,2643.79689274
425300.033328,210841.916325,2643.73529363
425298.212595,210841.088719,2643.39418543
425296.391862,210840.261113,2643.04648628
425294.57113,210839.433508,2642.78071773
425292.750397,210838.605902,2642.56499837
425290.909511,210837.918897,2642.32676982
425288.929612,210838.20174,2641.89015998
425286.949713,210838.484583,2641.48624901
425284.969814,210838.767425,2641.08591188
425282.989915,210839.050268,2640.68914857
425281.010016,210839.333111,2640.29595909
425279.030524,210839.612746,2639.82288989
425277.18437,210838.843515,2639.4719432
425275.338217,210838.074285,2639.09282298
425273.492063,210837.305054,2638.68552921
425271.645909,210836.535823,2638.2500619
425269.799755,210835.766592,2637.79892313
425268.035396,210834.850277,2637.46138708
425266.407929,210833.687801,2637.158983
425264.780462,210832.525324,2636.8387131
425263.152995,210831.362848,2636.50057738
425261.366349,210830.499155,2636.0893886
425259.49369,210829.796908,2635.72030361
425257.621032,210829.094661,2635.55831628
425255.748374,210828.392415,2635.38537434
425253.754787,210828.357048,2635.00990698
425251.754787,210828.357048,2634.62400426
425249.790875,210828.134659,2634.30267017
425247.893509,210827.502203,2634.12698594
425245.996142,210826.869748,2633.94206733
425244.098776,210826.237292,2633.74791435
425242.196951,210825.618919,2633.54082934
425240.281298,210825.044224,2633.3135159
425238.365646,210824.469528,2633.02203224
425236.449993,210823.894832,2632.70700615
425234.53434,210823.320136,2632.37758964
425232.631911,210822.703672,2632.04304281
425230.734545,210822.071216,2631.69653495
425228.837178,210821.438761,2631.34231557
425226.939811,210820.806305,2630.98395435
425225.008597,210820.296051,2630.59583274
425223.056223,210819.86219,2630.20469895
425221.103849,210819.428329,2629.84303782
425219.151475,210818.994468,2629.46812812
425217.199101,210818.560607,2629.08124027
425215.246727,210818.126746,2628.6921231
425213.294352,210817.692885,2628.30077662
425211.341978,210817.259024,2627.90720081
425209.369292,210816.94243,2627.47909657
425207.384736,210816.694361,2627.0259944
425205.40018,210816.446291,2626.57216867
425203.415625,210816.198222,2626.11761938
425201.431069,210815.950152,2625.66234654
425199.446513,210815.702083,2625.22994865
425197.461957,210815.454013,2624.85759335
425195.473819,210815.237796,2624.4772086
425193.483744,210815.038789,2624.09215348
425191.49367,210814.839782,2623.70620303
425189.503596,210814.640774,2623.33637975
425187.513521,210814.441767,2623.01510205
425185.523447,210814.242759,2622.69008053
425183.533373,210814.043752,2622.36131521
425181.543298,210813.844744,2622.02880607
425179.553224,210813.645737,2621.70052386
425177.572775,210813.367421,2621.40953181
425175.592876,210813.084578,2621.11681736
425173.612977,210812.801735,2620.8216611
425171.633078,210812.518893,2620.52406305
425169.653179,210812.23605,2620.21322095
425167.67328,210811.953207,2619.84750422
425165.685887,210811.730792,2619.46921944
425163.696877,210811.521422,2619.08540787
425161.707866,210811.312053,2618.6977959
425159.718855,210811.102683,2618.30572875
425157.729844,210810.893313,2617.9073295
425155.740833,210810.683944,2617.50766345
425153.751822,210810.474574,2617.10673059
425151.762811,210810.265205,2616.70453093
425149.770997,210810.08662,2616.2936665
425147.776888,210809.933227,2615.85020158
425145.782779,210809.779834,2615.42001119
425143.78867,210809.626441,2614.99144131
425141.794561,210809.473048,2614.56449196
425139.800452,210809.319655,2614.13675726
425137.810616,210809.491079,2613.61783061
425135.821232,210809.696877,2613.08971791
425133.831849,210809.902675,2612.55978404
425131.842465,210810.108474,2612.05004062
425129.853082,210810.314272,2611.55805618
425127.863698,210810.52007,2611.04605421
425125.874314,210810.725869,2610.53384233
425123.884931,210810.931667,2610.02142055
425121.895547,210811.137465,2609.50878887
425119.906164,210811.343264,2608.99614902
425117.91678,210811.549062,2608.48729704
425115.927396,210811.75486,2607.97808723
425113.948384,210811.781399,2607.4778301
425111.99601,210811.347538,2607.00183065
425110.043636,210810.913677,2606.52657155
425108.091262,210810.479816,2606.00411717
425106.138888,210810.045955,2605.47318082
425104.186514,210809.612094,2605.0300508
425102.23414,210809.178233,2604.59700618
425100.281766,210808.744372,2604.16310953
425098.32679,210808.322837,2603.74796128
425096.365628,210807.930605,2603.32264556
425094.404467,210807.538373,2602.89205264
425092.443306,210807.14614,2602.45618253
425090.482144,210806.753908,2602.01503523
425088.494023,210806.547565,2601.53887789
425086.502237,210806.366493,2601.05753342
425084.51045,210806.185422,2600.57158566
425082.518664,210806.00435,2600.0810346
425080.526878,210805.823279,2599.58588026
425078.535091,210805.642207,2599.06044598
425076.543305,210805.461136,2598.51740053
425074.551518,210805.280064,2597.96540384
425072.559732,210805.098993,2597.40445591
425070.638572,210804.68019,2596.86532864
425068.870996,210803.744415,2596.38592627
425067.10342,210802.808639,2595.88807929
425065.335844,210801.872864,2595.36098753
425063.568268,210800.937088,2594.804651
425061.800692,210800.001313,2594.2190697
425060.033117,210799.065537,2593.78616442
425058.265541,210798.129762,2593.39422355
425056.497965,210797.193987,2592.97196681
425054.868543,210796.034674,2592.58186674
425053.241076,210794.872197,2592.15644396
425051.613609,210793.709721,2591.69476299
425049.894078,210792.777027,2591.15635438
425047.914179,210792.494184,2590.50913029
425045.93428,210792.211341,2589.8487019
425043.954381,210791.928498,2589.17506921
425041.974482,210791.645656,2588.48823223
425039.994583,210791.362813,2587.78874744
425038.092555,210790.924229,2587.29063975
425036.678341,210789.510016,2586.90624805
425035.264127,210788.095802,2586.62617864
425033.849914,210786.681589,2586.28463461
425032.576986,210785.151549,2585.92878116
425031.467586,210783.487448,2585.56950357
425030.358185,210781.823347,2585.15348018
425029.173973,210780.216988,2584.74473801
425027.845245,210778.72217,2584.6841002
425026.516518,210777.227351,2584.63720624
425025.18779,210775.732532,2584.53845559
425023.859062,210774.237714,2584.38784826
425022.463215,210772.838454,2584.1418266
425020.606262,210772.095672,2583.55363971
425018.749308,210771.352891,2582.94292534
425016.892355,210770.610109,2582.30541817
425015.035402,210769.867328,2581.65012212
425013.159717,210769.175682,2581.02952672
425011.26235,210768.543227,2580.38372773
425009.364984,210767.910771,2579.72513481
425007.467617,210767.278316,2579.05332822
425005.570251,210766.64586,2578.3898478
425003.672884,210766.013405,2577.73469355
425001.714806,210765.606985,2577.0108887
424999.755892,210765.203679,2576.31094329
424997.796978,210764.800373,2575.74720638
424995.838064,210764.397067,2575.17883646
424993.87915,210763.993761,2574.60583353
424991.920236,210763.590455,2574.02819759
424989.961322,210763.18715,2573.44605582
424988.002408,210762.783844,2572.86546085
424986.043494,210762.380538,2572.27997055
424984.08458,210761.977232,2571.68958492
424982.125665,210761.573926,2571.09430397
424980.166751,210761.17062,2570.4941277
424978.207837,210760.767314,2569.82460981
424976.248923,210760.364009,2569.13379949
424974.290009,210759.960703,2568.43263194
424972.467738,210759.141903,2567.94595577
424970.651819,210758.303786,2567.49087374
424968.8359,210757.46567,2567.08164762
424967.019981,210756.627554,2566.69383103
424965.204063,210755.789437,2566.31203387
424963.388144,210754.951321,2565.93625615
424961.471789,210754.406808,2565.44212878
424959.523007,210753.957089,2564.91503377
424957.574224,210753.50737,2564.39927343
424955.625442,210753.057651,2563.88272143
424953.676659,210752.607932,2563.36537774
424951.727877,210752.158213,2562.84724239
424949.766976,210752.532741,2562.08236449
424947.805815,210752.924973,2561.3844657
424945.977517,210753.704442,2560.62437471
424944.188663,210754.598869,2559.85968967
424942.399808,210755.493296,2559.11238744
424940.610954,210756.387724,2558.38246803
424938.8221,210757.282151,2557.66381516
424937.534938,210758.797165,2556.93157267
424936.285548,210760.358903,2556.27422623
424935.188311,210761.986467,2555.90049293
424934.905468,210763.966366,2555.73437961
424934.622625,210765.946265,2555.56793817
424934.186705,210767.801147,2555.364402
424932.303221,210768.47382,2554.81263163
424930.419737,210769.146493,2554.2601189
424928.536253,210769.819166,2553.66369627
424926.65277,210770.491838,2553.0901014
424924.769286,210771.164511,2552.53520881
424922.885802,210771.837184,2551.98585302
424921.091341,210771.427141,2551.4253471
424919.343026,210770.455855,2550.86228393
424917.594712,210769.484569,2550.36439399
424915.846397,210768.513283,2549.89317017
424914.144176,210767.475747,2549.41740392
424912.625663,210766.174164,2548.98275935
424911.107149,210764.872582,2548.52423886
424909.588636,210763.570999,2548.03995558
424908.013757,210762.354308,2547.51524755
424906.224903,210761.459881,2546.90816464
424904.436048,210760.565454,2546.29113641
424902.647194,210759.671026,2545.72764052
424900.984075,210758.602151,2545.33395339
424899.569861,210757.187937,2545.08927649
424898.155648,210755.773724,2544.88784628
424896.225046,210755.711083,2544.30627678
424894.228125,210755.822023,2543.67503408
424892.231204,210755.932963,2543.04325484
424890.234284,210756.043903,2542.41093906
424888.237363,210756.154843,2541.84190666
424886.240442,210756.265783,2541.28124405
424884.243522,210756.376723,2540.7204949
424882.246536,210756.471149,2540.16257064
424880.248799,210756.376019,2539.63806467
424878.251063,210756.280888,2539.18792397
424876.253327,210756.185758,2538.7490551
424874.25559,210756.090628,2538.31093137
424872.257854,210755.995498,2537.8735528
424870.260118,210755.900367,2537.43691937
424868.262382,210755.805237,2536.99055988
424866.264645,210755.710107,2536.54204028
424864.266909,210755.614976,2536.09283491
424862.342128,210756.149465,2535.5444279
424860.419081,210756.698908,2534.99744162
424858.496033,210757.24835,2534.41201505
424856.558773,210757.744718,2533.81640145
424854.618488,210758.229789,2533.21693431
424852.678203,210758.714861,2532.6123247
424850.737918,210759.199932,2532.00257263
424848.797633,210759.685003,2531.43097124
424846.850169,210760.139143,2530.90805554
424844.894565,210760.558201,2530.42166316
424842.93896,210760.977259,2529.92824011
424840.983355,210761.396317,2529.42778637
424839.02775,210761.815376,2528.93359872
424837.072145,210762.234434,2528.44972612
424835.12066,210762.671245,2527.96294998
424833.180375,210763.156316,2527.47124441
424831.24009,210763.641387,2526.97744325
424829.299805,210764.126458,2526.49667158
424827.376721,210764.674115,2526.03379427
424825.461069,210765.24881,2525.56255076
424823.545416,210765.823506,2525.08468454
424821.629764,210766.398202,2524.60019562
424819.765302,210767.077307,2524.11551963
424818.137835,210768.239784,2523.67613009
424816.510368,210769.40226,2523.24355802
424814.882901,210770.564736,2522.86237229
424813.277515,210771.756829,2522.51523006
424811.69881,210772.98471,2522.14742065
424810.120106,210774.212591,2521.75673399
424808.541402,210775.440472,2521.46787464
424806.962697,210776.668354,2521.19160955
424805.736966,210778.185604,2520.93107619
424804.842539,210779.974458,2520.68507309
424803.948112,210781.763313,2520.53274945
424803.053684,210783.552167,2520.36652065
424802.159257,210785.341021,2520.1849403
424801.26483,210787.129876,2519.98800839
424800.370403,210788.91873,2519.77572491
424799.475976,210790.707584,2519.63773363
424798.581548,210792.496439,2519.58472371
424797.687121,210794.285293,2519.51472942
424797.399851,210796.244404,2519.48934598
424797.23376,210798.237496,2519.47162137
424797.067669,210800.230587,2519.45684089
424796.901578,210802.223679,2519.48916459
424796.735487,210804.21677,2519.52022429
424796.243913,210806.137738,2519.50458947
424795.552502,210808.014424,2519.45680928
424794.861091,210809.891111,2519.40407453
424794.169681,210811.767797,2519.42584669
424793.47827,210813.644483,2519.44323399
424792.786859,210815.521169,2519.45121271
424792.095448,210817.397855,2519.44978285
424791.404038,210819.274542,2519.4389444
424790.712627,210821.151228,2519.43062378
424790.109173,210823.057624,2519.4420894
424789.521002,210824.969182,2519.49849497
424788.93283,210826.88074,2519.55683831
424788.344658,210828.792298,2519.60617827
424787.756487,210830.703856,2519.63459343
424787.168315,210832.615414,2519.6373207
424786.679379,210834.554622,2519.64921349
424786.194308,210836.494907,2519.65866572
424785.709237,210838.435192,2519.66519516
424785.224165,210840.375477,2519.67739358
424784.739094,210842.315762,2519.71492008
424784.254023,210844.256047,2519.73686294
424783.768952,210846.196332,2519.74322217
424783.072231,210848.06818,2519.69042297
424782.329449,210849.925133,2519.60595101
424781.586668,210851.782086,2519.51254488
424780.843887,210853.63904,2519.40684289
424780.101105,210855.495993,2519.28846578
424779.358324,210857.352947,2519.2443235
424778.615543,210859.2099,2519.20495338
424777.872761,210861.066853,2519.2142742
424777.12998,210862.923807,2519.26133528
424776.387198,210864.78076,2519.30473257
424775.644417,210866.637713,2519.34446607
424774.731812,210868.338406,2519.34818881
424772.942957,210869.232833,2519.18100513
424771.154103,210870.12726,2519.02062101
424769.365248,210871.021688,2518.95768943
424767.576394,210871.916115,2518.95574656
424765.78754,210872.810542,2518.93232712
424763.998685,210873.704969,2518.88743113
424762.209831,210874.599396,2518.82105857
424760.420977,210875.493824,2518.73320945
424758.632122,210876.388251,2518.70160276
424757.023145,210877.532245,2518.69394029
424755.608932,210878.946458,2518.68381495
424754.194718,210880.360672,2518.66569683
424752.780505,210881.774885,2518.677391
424751.307957,210883.127614,2518.64854504
424749.821369,210884.465544,2518.60794302
424748.334781,210885.803473,2518.70255107
424746.848193,210887.141403,2518.78483502
424745.361604,210888.479332,2518.85479485
424743.875016,210889.817262,2518.91243057
424743.650966,210891.794652,2519.08500617
424743.451959,210893.784727,2519.26743467
424743.252951,210895.774801,2519.44887887
424743.053944,210897.764875,2519.62933878
424742.854936,210899.75495,2519.80881439
424742.655929,210901.745024,2520.04003663
424742.456921,210903.735099,2520.2780025
424742.257914,210905.725173,2520.51532829
424742.308847,210907.682685,2520.75321315
424743.011094,210909.555343,2520.99534904
424743.713341,210911.428002,2521.29708555
424744.415587,210913.30066,2521.6077133
424745.581719,210914.852288,2521.85890306
424747.086873,210916.169297,2522.05962128
424748.592026,210917.486306,2522.24450433
424750.09718,210918.803316,2522.42894063
424751.602333,210920.120325,2522.82563732
424753.120511,210921.422295,2523.22895324
424754.639024,210922.723878,2523.60562047
424756.157537,210924.025461,2523.95565167
424757.67605,210925.327043,2524.27904685
424759.274649,210926.52879,2524.57329273
424760.874649,210927.72879,2524.9357861
424762.474649,210928.92879,2525.37890787
424764.074649,210930.12879,2525.83520838
424763.905975,210931.631751,2525.99364268
424762.716426,210933.166168,2525.95266387
424760.73187,210933.414238,2525.5887135
424758.747314,210933.662307,2525.39120245
424756.762759,210933.910377,2525.2920121
424755.120757,210934.858845,2525.31797477
424753.15453,210934.55052,2525.1445796
424751.181742,210934.221722,2524.96522261
424749.908126,210934.718269,2524.96871096
424749.908126,210936.718269,2525.27679121
424750.052354,210938.689737,2525.57614598
424750.813854,210940.539093,2525.92821459
424751.575353,210942.388449,2526.32963858
424752.336853,210944.237806,2526.70790977
424753.098352,210946.087162,2527.06302817
424753.859852,210947.936518,2527.39499377
424754.621352,210949.785874,2527.70380658
424755.382851,210951.63523,2528.06283167
424755.916692,210953.515914,2528.43776696
424755.683009,210955.502216,2528.8617087
424755.449327,210957.488517,2529.28820922
424755.215644,210959.474818,2529.71726854
424754.981962,210961.461119,2530.18290049
424754.748279,210963.44742,2530.66279393
424754.514597,210965.433722,2531.1446433
424754.280914,210967.420023,2531.62844859
424754.522096,210969.392653,2532.07547432
424754.869667,210971.36222,2532.49639372
424755.217238,210973.331787,2532.90983325
424755.564808,210975.301354,2533.32285496
424755.912379,210977.270921,2533.73545885
424756.25995,210979.240488,2534.14764491
424756.60752,210981.210055,2534.56559202
424756.984619,210983.173739,2534.97992494
424757.41848,210985.126113,2535.38168616
424757.852341,210987.078487,2535.77816154
424758.286202,210989.030862,2536.16935108
424758.821959,210990.952297,2536.57524075
424759.546852,210992.816307,2536.98157544
424760.271744,210994.680316,2537.43045767
424760.996637,210996.544325,2537.94511297
424761.721529,210998.408335,2538.44932412
424762.446422,211000.272344,2538.94280709
424763.171314,211002.136353,2539.4291047
424763.896207,211004.000363,2539.91354176
424764.6211,211005.864372,2540.39611827
424765.139051,211007.795984,2540.88881759
424765.654376,211009.728454,2541.38029467
424766.169701,211011.660924,2541.89051554
424766.685027,211013.593394,2542.39579556
424767.200352,211015.525864,2542.89232786
424767.715677,211017.458333,2543.38011243
424768.420169,211019.296887,2543.83197312
424769.648051,211020.875591,2544.25274978
424770.875932,211022.454296,2544.80091754
424772.103813,211024.033,2545.36652561
424773.331694,211025.611705,2545.9071173
424774.550417,211027.197405,2546.42417597
424775.750417,211028.797405,2546.91940876
424776.950417,211030.397405,2547.42295466
424778.150417,211031.997405,2547.99457517
424779.350417,211033.597405,2548.52974567
424780.550417,211035.197405,2549.07817949
424781.750417,211036.797405,2549.65610164
424783.071558,211038.297288,2550.18413046
424784.416904,211039.777168,2550.68010062
424785.76225,211041.257048,2551.23683826
424787.107595,211042.736928,2551.77278156
424788.452941,211044.216809,2552.2715598
424789.798286,211045.696689,2552.73317299
424791.295156,211046.989394,2553.20077507
424793.022714,211047.997136,2553.58266151
424794.750272,211049.004878,2553.93716736
424796.47783,211050.01262,2554.26472769
424798.205388,211051.020362,2554.59662203
424799.932945,211052.028104,2554.89601839
424801.424992,211053.285912,2555.33732325
424802.534392,211054.950013,2555.8240166
424803.643792,211056.614113,2556.28107054
424804.753193,211058.278214,2556.70848504
424805.862593,211059.942314,2557.10626013
424806.971994,211061.606415,2557.54804677
424808.081394,211063.270516,2557.96620487
424809.190794,211064.934616,2558.35814903
424810.300195,211066.598717,2558.75546642
424811.406643,211068.26453,2559.21532383
424812.314977,211070.04479,2559.66725939
424813.514977,211071.64479,2560.12615659
424814.714977,211073.24479,2560.56549754
424815.914977,211074.84479,2560.98528224
424817.114977,211076.44479,2561.3855107
424817.737024,211078.303199,2561.80789277
424818.129257,211080.26436,2562.23626535
424818.250553,211082.242692,2562.65356034
424818.109037,211084.237679,2563.07128352
424817.96752,211086.232666,2563.48969184
424817.826004,211088.227653,2563.90878529
424817.684487,211090.22264,2564.32166497
424817.542971,211092.217627,2564.67911514
424817.406302,211094.212785,2565.03519561
424817.406302,211096.212785,2565.3932664
424817.406302,211098.212785,2565.7513372
424817.408209,211100.212499,2566.10742133
424817.99638,211102.124057,2566.44380597
424818.584552,211104.035615,2566.77178562
424819.172724,211105.947173,2567.09136029
424819.760895,211107.858731,2567.40252998
424820.349067,211109.770289,2567.72826939
424820.942277,211111.680232,2568.15400735
424821.574733,211113.577599,2568.57950576
424822.207188,211115.474965,2568.99262332
424823.018613,211117.284801,2569.37930076
424824.128013,211118.948902,2569.72560507
424825.237413,211120.613002,2570.09783785
424826.346814,211122.277103,2570.53287886
424827.456214,211123.941203,2570.95579546
424828.565615,211125.605304,2571.36658767
424829.675015,211127.269405,2571.76525548
424830.784415,211128.933505,2572.21443991
424831.924026,211130.576754,2572.68902977
424833.086502,211132.204221,2573.19222086
424834.248979,211133.831688,2573.67641912
424835.411455,211135.459155,2574.14162457
424836.487402,211137.144486,2574.60178211
424837.5474,211138.840483,2575.04638862
424838.607398,211140.53648,2575.51029208
424839.667395,211142.232476,2576.04071027
424841.241146,211143.39404,2576.46890695
424842.977632,211144.386318,2576.8555329
424844.714119,211145.378596,2577.22093168
424846.450605,211146.370874,2577.56510331
424848.187091,211147.363152,2577.88804777
424849.923577,211148.35543,2578.18976507
424851.660064,211149.347708,2578.54109631
424852.950258,211150.833844,2579.03116874
424854.112735,211152.461311,2579.58656717
424855.275211,211154.088778,2580.11675576
424856.458719,211155.696329,2580.61631793
424858.020457,211156.945719,2580.99284485
424859.582195,211158.195109,2581.34337139
424861.143932,211159.444499,2581.72865342
424862.70567,211160.693889,2582.15129954
424864.267408,211161.943279,2582.58840956
424865.829145,211163.192669,2583.00870365
424867.390883,211164.442059,2583.41218181
424868.95262,211165.69145,2583.79884405
424870.589593,211166.837949,2584.18023546
424872.253694,211167.947349,2584.60207952
424873.917795,211169.05675,2585.00133344
424875.581895,211170.16615,2585.3883283
424877.245996,211171.275551,2585.813954
424878.910096,211172.384951,2586.22146072
424880.309771,211173.761214,2586.69691839
424881.434391,211175.415067,2587.27398197
424882.559012,211177.06892,2587.82564372
424883.683632,211178.722773,2588.35190362
424884.808252,211180.376626,2588.87722751
424885.932872,211182.030479,2589.46352524
424887.057492,211183.684332,2590.02997013
424888.182112,211185.338185,2590.57656216
424889.306732,211186.992038,2591.10330133
424890.431352,211188.645891,2591.63784636
424891.555972,211190.299744,2592.21517555
424892.680592,211191.953597,2592.8544752
424893.805212,211193.60745,2593.47479385
424895.184014,211194.979426,2593.99903224
424896.944956,211195.927626,2594.38973609
424898.705898,211196.875826,2594.76340027
424900.466841,211197.824025,2595.14846928
424902.227783,211198.772225,2595.59561616
424903.988725,211199.720425,2596.02614733
424905.747496,211200.671542,2596.48320483
424907.16171,211202.085756,2597.06771404
424908.575923,211203.49997,2597.6382877
424909.990137,211204.914183,2598.19492581
424911.40435,211206.328397,2598.79329111
424912.818564,211207.74261,2599.37375206
424914.166517,211209.217333,2599.94764411
424915.446886,211210.753776,2600.57008999
424916.727255,211212.290218,2601.23599483
424918.035517,211213.798977,2601.88255249
424919.562289,211215.090862,2602.45741643
424921.089062,211216.382746,2603.04089902
424922.615834,211217.674631,2603.60699138
424924.142607,211218.966515,2604.14520222
424925.669379,211220.2584,2604.66812601
424927.196152,211221.550284,2605.22147478
424928.722925,211222.842168,2605.76016529
424930.316765,211224.048616,2606.27327251
424931.934237,211225.22496,2606.81592887
424933.551709,211226.401303,2607.3300447
424935.169181,211227.577647,2607.81561998
424936.786653,211228.75399,2608.27265472
424938.404126,211229.930333,2608.70114893
424940.006747,211231.126785,2609.18445044
424941.606747,211232.326785,2609.79919016
424943.206747,211233.526785,2610.38642363
424944.806747,211234.726785,2610.94615085
424946.206506,211236.128906,2611.51635432
424947.421406,211237.717621,2612.09400606
424948.636306,211239.306337,2612.64400641
424949.851206,211240.895053,2613.22953734
424951.066107,211242.483768,2613.88209812
424952.281007,211244.072484,2614.51382459
424953.495907,211245.6612,2615.11948298
424954.710807,211247.249915,2615.6990733
424955.925708,211248.838631,2616.25259554
424957.093511,211250.459335,2616.8059828
424958.122503,211252.174321,2617.41815157
424959.151494,211253.889306,2618.02390949
424960.34105,211255.492648,2618.60289592
424961.590441,211257.054386,2619.17926367
424962.839831,211258.616123,2619.73273698
424964.089221,211260.177861,2620.26885962
424965.338611,211261.739599,2620.83657199
424966.547581,211263.329441,2621.40949675
424967.576573,211265.044427,2622.01445802
424968.605565,211266.759412,2622.61714446
424969.634556,211268.474398,2623.2175561
424970.663548,211270.189384,2623.83365461
424971.708315,211271.894134,2624.45664548
424972.855239,211273.532598,2625.0523688
424974.002164,211275.171061,2625.63679675
424975.149089,211276.809525,2626.20992936
424976.296014,211278.447989,2626.77176661
424977.442938,211280.086453,2627.32391159
424978.589863,211281.724917,2627.89268021
424979.736788,211283.363381,2628.44852019
424980.883712,211285.001844,2629.03844413
424982.030637,211286.640308,2629.63079047
424983.177562,211288.278772,2630.21173134
424984.557964,211289.698245,2630.72578126
424986.119702,211290.947635,2631.21304064
424987.68144,211292.197026,2631.69293295
424989.243177,211293.446416,2632.15591407
424990.804915,211294.695806,2632.63960778
424992.366652,211295.945196,2633.15112187
424993.92839,211297.194586,2633.65807232
424995.490128,211298.443976,2634.16045912
424996.963181,211299.779322,2634.67840322
424998.163181,211301.379322,2635.29243053
424999.40038,211302.939999,2635.87239728
425001.064481,211304.0494,2636.33174056
425002.728581,211305.1588,2636.7973942
425004.392682,211306.2682,2637.25248293
425006.056783,211307.377601,2637.69700677
425007.720883,211308.487001,2638.13096569
425009.384984,211309.596402,2638.55435971
425011.049084,211310.705802,2639.02223636
425012.713185,211311.815202,2639.52201818
425014.377285,211312.924603,2640.02434207
425015.822142,211314.290792,2640.60058141
425017.178702,211315.760399,2641.20828107
425018.535263,211317.230006,2641.81872584
425019.891823,211318.699613,2642.43191571
425021.248383,211320.16922,2643.05351007
425022.604943,211321.638827,2643.72453656
425023.961503,211323.108434,2644.40777975
425025.316608,211324.579359,2645.10361787
425026.645335,211326.074178,2645.8185007
425027.974063,211327.568997,2646.54555487
425029.302791,211329.063815,2647.28478038
425030.631518,211330.558634,2648.06594235
425031.960246,211332.053453,2648.89730693
425033.063702,211333.716915,2649.7763763
425034.1237,211335.412912,2650.65847694
425035.183698,211337.108908,2651.53281775
425036.243696,211338.804905,2652.39939874
425037.303694,211340.500902,2653.28954934
425038.363692,211342.196898,2654.23897367
425039.423689,211343.892895,2655.1687263
425040.483687,211345.588891,2656.09769617
425041.47531,211347.324856,2657.0501072
425042.433014,211349.080647,2657.99945353
425043.390718,211350.836438,2659.04447325
425044.348423,211352.59223,2660.18771451
425045.306127,211354.348021,2661.31034719
425046.194589,211356.134832,2662.42818045
425046.867262,211358.018316,2663.5778309
425047.539934,211359.9018,2664.71195356
425048.212607,211361.785284,2666.09231043
425048.88528,211363.668767,2667.46265083
425049.557953,211365.552251,2668.80833854
425050.230626,211367.435735,2670.12585968
425050.99611,211369.282797,2671.36507544
425051.783949,211371.121087,2672.60058292
425052.571787,211372.959378,2673.8283408
425053.359626,211374.797668,2675.01641959
425054.147464,211376.635958,2676.16481931
425054.935303,211378.474248,2677.27353994
425055.64859,211380.336565,2678.39847429
425056.082451,211382.288939,2679.73342551
425056.516312,211384.241313,2681.05991028
425056.950173,211386.193687,2682.3779286
425057.289221,211388.156469,2683.72275762
425057.289221,211390.156469,2685.19138496
425057.289221,211392.156469,2686.67128304
425057.289221,211394.156469,2688.15118111
425057.289221,211396.156469,2689.63107919
425057.289221,211398.156469,2691.11097727
425057.289221,211400.156469,2692.56599413
425057.289221,211402.156469,2693.72785926
425055.57421,211402.441459,2694.34737017
425053.57421,211402.441459,2694.87675597
425051.851209,211403.272455,2695.82957529
425050.251209,211404.472455,2696.98048802
425048.651209,211405.672455,2698.09365686
425047.051209,211406.872455,2699.19573239
425046.031177,211408.36244,2700.33201469
425046.031177,211410.36244,2701.5091695
425046.031177,211412.36244,2702.57953127
425046.031177,211414.36244,2703.64989304
425046.060214,211416.355585,2704.70882501
425046.954641,211418.144439,2705.41858022
425047.849068,211419.933294,2706.1118198
425048.852622,211421.617663,2706.73480952
425050.600937,211422.588949,2706.76173847
425052.349251,211423.560235,2706.80656623
425054.097566,211424.53152,2706.84365795
425055.84588,211425.502806,2706.87301364
425056.320478,211427.159154,2707.60874162
425056.167085,211429.153263,2708.69643837
425056.013692,211431.147372,2709.84393332
425055.860299,211433.141481,2711.03404326
425055.706906,211435.13559,2712.22315998
425055.53239,211437.122965,2713.41323625
425054.503399,211438.837951,2714.678887
425053.474407,211440.552937,2715.9348291
425052.445416,211442.267922,2717.19433617
425051.416424,211443.982908,2718.47481636
425050.387433,211445.697894,2719.77626967
425050.064834,211447.667963,2721.02522024
425049.76072,211449.644706,2722.28238666
425049.456606,211451.62145,2723.45209202
425049.152491,211453.598193,2724.60649454
425048.848377,211455.574937,2725.76525896
425048.938991,211457.464373,2726.7372103
425050.048391,211459.128474,2727.21378415
425051.157792,211460.792575,2727.83204757
425052.154716,211462.503264,2728.53606822
425052.546948,211464.464426,2729.53889806
425052.93918,211466.425587,2730.53942922
425053.706823,211468.27015,2731.36881266
425054.494662,211470.10844,2732.1836809
425055.2825,211471.94673,2732.98427114
425056.722308,211473.170275,2733.28142615
425058.511162,211474.064702,2733.31550158
425060.300017,211474.959129,2733.38856494
425062.088871,211475.853557,2733.59811496
425063.877726,211476.747984,2733.8106728
425065.66658,211477.642411,2734.02623844
425067.497058,211477.120403,2733.415915
425069.335348,211476.332565,2732.64775773
425071.173638,211475.544726,2732.02965357
425073.011928,211474.756887,2731.4738766
425074.850218,211473.969049,2730.88916948
425076.688508,211473.18121,2730.27553219
425078.547708,211472.452183,2729.67076257
425080.470756,211471.902741,2729.22760208
425082.393804,211471.353298,2728.99114603
425084.321547,211470.824684,2728.76611902
425086.294335,211470.495886,2728.67944766
425088.267123,211470.167088,2728.59077462
425090.224941,211469.766319,2728.44075886
425092.165226,211469.281247,2728.18330476
425094.105511,211468.796176,2727.9200878
425096.045796,211468.311105,2727.65110796
425096.960488,211466.621768,2726.45434414
425097.748327,211464.783478,2725.13484033
425098.536166,211462.945188,2723.80646866
425099.767391,211461.437346,2722.72250636
425101.303833,211460.156977,2721.62484761
425102.840276,211458.876608,2720.48640447
425104.422876,211457.664139,2719.40379705
425106.178668,211456.706435,2718.49573741
425107.934459,211455.74873,2717.59422161
425109.69025,211454.791026,2716.69924965
425111.446041,211453.833322,2715.7335226
425113.201832,211452.875618,2714.71648682
425114.925594,211451.861957,2713.62281586
425116.64058,211450.832966,2712.47830749
425118.429705,211450.071642,2711.49801375
425120.429705,211450.071642,2711.18902194
425121.660808,211448.533848,2710.21492734
425122.860808,211446.933848,2709.15257507
425124.060808,211445.333848,2708.02713843
425125.260808,211443.733848,2706.83861741
425126.900919,211442.74447,2705.99587547
425128.798286,211442.112014,2705.34833264
425130.695653,211441.479559,2704.8494296
425132.593019,211440.847103,2704.65685851
425134.490386,211440.214648,2704.45541633
425136.371039,211439.541843,2704.25943798
425137.925302,211438.455097,2703.69978293
425138.451537,211436.525569,2702.34064345
425138.977772,211434.596042,2700.94584156
425139.504007,211432.666514,2699.51537726
425140.030241,211430.736987,2698.0567404
425140.425539,211428.789924,2696.79225764
425140.425539,211426.789924,2695.48174892
425140.425539,211424.789924,2694.17124019
425139.505156,211423.171159,2693.08925049
425138.090942,211421.756946,2692.24232718
425136.447431,211420.630971,2691.60402705
425134.751434,211419.570973,2691.05777346
425133.055438,211418.510975,2690.58532939
425131.359441,211417.450977,2690.1400974
425129.733408,211416.288945,2689.68768003
425128.133408,211415.088945,2689.32635917
425126.810008,211413.627284,2688.75839979
425125.703483,211411.962313,2688.02467798
425125.703483,211409.962313,2686.94511592
425125.703483,211407.962313,2685.86542152
425125.703483,211405.962313,2684.78572712
425127.646642,211405.905473,2684.47373137
425129.646642,211405.905473,2684.18419213
425131.646642,211405.905473,2683.9876424
425133.646642,211405.905473,2683.81104759
425135.646642,211405.905473,2683.63445278
425137.646642,211405.905473,2683.45785797
425139.47435,211406.452045,2683.55298389
425141.112814,211407.59897,2684.03716815
425142.751278,211408.745894,2684.58996485
425144.389742,211409.892819,2685.16537979
425146.028205,211411.039744,2685.86356872
425147.728335,211411.892542,2686.40388473
425149.689497,211411.50031,2686.20354133
425151.650658,211411.108077,2686.04655288
425153.567075,211410.536445,2685.76002148
425155.482727,211409.961749,2685.44769824
425157.39838,211409.387053,2685.2078413
425159.314032,211408.812357,2684.97016147
425161.136868,211408.027531,2684.65544636
425162.851854,211406.998539,2684.20755319
425164.56684,211405.969548,2683.73474045
425166.549092,211405.905473,2683.78821353
425168.549092,211405.905473,2683.87751346
425170.514225,211405.690615,2683.82498589
425172.411592,211405.058159,2683.49538886
425174.308959,211404.425704,2683.1806512
425176.255942,211404.003427,2682.9970089
425178.235841,211403.720585,2682.89899261
425180.21574,211403.437742,2682.81853932
425182.092591,211403.789911,2683.15876454
425183.881445,211404.684338,2683.80596176
425185.670299,211405.578765,2684.48193241
425186.631604,211407.137029,2685.48515822
425187.116675,211409.077314,2686.67924179
425188.277287,211410.674568,2687.95197536
425189.557655,211412.211011,2689.41254922
425190.838024,211413.747453,2690.85358545
425192.45463,211414.571247,2691.75520621
425194.447722,211414.737338,2692.15572654
425196.440813,211414.903429,2692.56229537
425198.433905,211415.06952,2692.97491269
425200.426996,211415.235611,2693.36200818
425202.420088,211415.401702,2693.62914001
425204.418848,211415.431509,2693.76925134
425206.416538,211415.500892,2693.93991577
425208.412108,211415.63393,2694.15624003
425210.407678,211415.766968,2694.35868726
425212.403249,211415.900007,2694.53651156
425214.398819,211416.033045,2694.71296046
425216.394389,211416.166083,2694.88803396
425218.390013,211416.297512,2695.06054006
425220.390013,211416.297512,2695.17310068
425222.390013,211416.297512,2695.44316506
425224.390013,211416.297512,2695.71322943
425226.34154,211415.975151,2695.74513514
425228.253098,211415.386979,2695.58610167
425230.164656,211414.798807,2695.46269045
425232.076214,211414.210635,2695.62884418
425233.987772,211413.622464,2695.76365079
425235.89933,211413.034292,2695.86711027
425237.86622,211412.745878,2696.19956443
425239.86179,211412.61284,2696.65547418
425241.857361,211412.479802,2697.38722749
425243.852931,211412.346764,2698.13953723
425245.848501,211412.213726,2698.89157345
425247.844072,211412.080688,2699.64333615
425249.803873,211412.110359,2700.51787617
425251.559665,211413.068064,2701.94906768
425253.315456,211414.025768,2703.35902727
425255.071247,211414.983472,2704.76585041
425256.827038,211415.941176,2706.16953711
425258.582829,211416.898881,2707.57008737
425260.362547,211417.810793,2708.88509215
425262.151402,211418.70522,2709.9459436
425263.940256,211419.599647,2710.94500598
425265.729111,211420.494074,2711.99841166
425267.517965,211421.388502,2713.0769091
425269.306819,211422.282929,2714.08431278
425271.095674,211423.177356,2715.05542208
425273.084299,211423.225539,2715.31641612
425275.084299,211423.225539,2715.53767927
425277.084299,211423.225539,2715.75894242
425279.084299,211423.225539,2715.98020557
425280.589487,211422.882634,2716.01829657
425279.88724,211421.009975,2714.55984258
425279.184993,211419.137317,2713.23082631
425278.482746,211417.264659,2711.97159197
425279.082354,211416.201284,2711.44244966
425281.072429,211416.002276,2711.79411789
425283.062503,211415.803269,2712.22537296
425285.052577,211415.604261,2712.66190534
425287.042652,211415.405254,2713.10371502
425289.032726,211415.206246,2713.55080201
425291.022801,211415.007239,2714.02449455
425293.012875,211414.808232,2714.51528216
425295.002949,211414.609224,2715.00031288
425296.347234,211415.835448,2716.1108052
425297.50971,211417.462915,2717.42285137
425298.672187,211419.090382,2718.76239833
425299.866519,211420.682597,2720.2817587
425301.603005,211421.674875,2721.59681287
425303.339492,211422.667153,2722.93652653
425305.075978,211423.659431,2724.31146735
425306.880471,211424.510862,2725.6136399
425308.737424,211425.253643,2726.8622344
425310.594378,211425.996424,2728.21310164
425312.451331,211426.739206,2729.72968893
425314.308284,211427.481987,2731.24443759
425315.991486,211426.556035,2731.11235129
425317.655587,211425.446635,2730.80167389
425319.319687,211424.337234,2730.49345743
425320.604051,211422.832282,2729.966023
425321.780395,211421.21481,2729.5633379
425322.956738,211419.597338,2729.21037933
425324.133081,211417.979865,2729.05795271
425325.309425,211416.362393,2728.85936138
425326.485768,211414.744921,2728.61460537
425325.880447,211412.946734,2726.64666728
425325.052841,211411.126001,2724.50147287
425324.225235,211409.305269,2722.35512537
425323.397629,211407.484536,2720.22905169
425322.570023,211405.663803,2718.20444754
425322.571325,211403.756569,2716.72395649
425323.005185,211401.804194,2715.44459273
425323.439046,211399.85182,2714.09933423
425323.872907,211397.899446,2712.59259584
425323.897826,211395.920862,2710.86309704
425323.716755,211393.929076,2709.05645651
425323.535683,211391.937289,2707.27143243
425323.354612,211389.945503,2705.52084933
425323.17354,211387.953716,2704.24469833
425323.771873,211386.067044,2703.12789081
425324.47412,211384.194386,2701.97753297
425325.176367,211382.321727,2700.77019312
425326.11301,211380.836722,2699.76751036
425328.097566,211381.084791,2699.92386701
425330.082122,211381.332861,2700.11344238
425332.066678,211381.58093,2700.59400311
425333.879614,211382.343859,2701.47783862
425335.6161,211383.336137,2702.568934
425337.352586,211384.328415,2703.69624091
425339.126543,211385.011037,2704.59799811
425341.049591,211384.461595,2704.32985476
425342.972639,211383.912153,2703.92089573
425344.899234,211383.395443,2703.50730862
425346.895339,211383.5202,2703.69962947
425348.891444,211383.644957,2703.90048144
425350.88755,211383.769713,2704.04732385
425352.883655,211383.89447,2704.1097253
425354.87976,211384.019226,2704.1600876
425356.875865,211384.143983,2704.19841074
425358.82549,211384.389082,2704.32711118
425360.387228,211385.638472,2705.29511183
425361.948965,211386.887862,2706.31817518
425363.461365,211388.192376,2707.32295883
425364.842131,211389.63401,2708.37076718
425365.951532,211391.29811,2710.50424028
425367.060932,211392.962211,2712.71364924
425368.170333,211394.626312,2714.70673909
425369.279733,211396.290412,2716.48350983
425370.701836,211397.576142,2717.82273
425372.545106,211398.352256,2718.86749949
425374.388377,211399.12837,2719.85729471
425376.231648,211399.904484,2720.79211567
425378.074919,211400.680598,2722.26218652
425379.918189,211401.456712,2723.71138301
425381.76146,211402.232826,2724.83965103
425383.604731,211403.00894,2725.80923346
425385.448002,211403.785054,2726.62912103
425387.07694,211404.879925,2727.84184245
425388.491154,211406.294139,2729.40371903
425389.932778,211407.657136,2730.67441672
425391.893939,211408.049368,2730.57397215
425393.8551,211408.4416,2730.4077122
425395.098882,211407.101926,2728.5319171
425396.208283,211405.437825,2726.51496878
425397.317683,211403.773724,2724.68334797
425398.272343,211402.019825,2722.95616687
425399.16677,211400.23097,2721.36157895
425400.061197,211398.442116,2720.35755453
425400.226534,211396.481146,2719.29162635
425400.326304,211394.514403,2718.19857413
425401.526304,211392.914403,2717.73863475
425402.726304,211391.314403,2717.28543601
425403.891852,211389.689185,2716.83883467
425405.054329,211388.061718,2716.47517909
425406.216805,211386.434251,2716.05415707
425407.327464,211384.775586,2715.54312937
425408.221891,211382.986731,2714.8438133
425409.116319,211381.197877,2714.0959816
425410.03899,211379.424139,2713.362276
425411.031268,211377.687652,2712.95730937
425412.023546,211375.951166,2712.46798938
425413.015824,211374.21468,2711.89431602
425414.008102,211372.478193,2711.2362893
425415.00038,211370.741707,2710.49390921
425415.992657,211369.005221,2709.75211665
425417.114346,211367.367578,2709.13896253
425418.528559,211365.953364,2708.72340539
425419.968788,211364.566227,2708.31498206
425421.438395,211363.209667,2708.16896282
425422.908001,211361.853106,2707.89775701
425424.377608,211360.496546,2707.49465947
425425.847215,211359.139986,2707.14343324
425427.316822,211357.783426,2706.84579204
425428.786429,211356.426866,2706.51341842
425430.256036,211355.070305,2706.2022263
425431.754402,211353.745744,2706.10198039
425433.259555,211352.428735,2705.88380126
425434.764709,211351.111726,2705.53956986
425436.269862,211349.794716,2705.12418501
425437.775015,211348.477707,2704.93082094
425439.280169,211347.160698,2704.69924337
425440.785322,211345.843689,2704.6493156
425442.290476,211344.52668,2704.68580764
425443.795629,211343.20967,2704.58302562
425445.245917,211341.834016,2704.2716475
425446.660131,211340.419803,2703.77441831
425448.074344,211339.005589,2703.51913747
425449.488558,211337.591376,2703.37122363
425450.902771,211336.177162,2703.43428632
425452.316985,211334.762949,2703.51529073
425453.731199,211333.348735,2703.45391233
425455.145412,211331.934522,2703.25015112
425456.559626,211330.520308,2702.90400709
425457.973839,211329.106094,2702.8293071
425459.388053,211327.691881,2702.95142061
425460.802266,211326.277667,2703.20604599
425462.21648,211324.863454,2703.48526065
425463.630694,211323.44924,2703.65160421
425465.239386,211322.304851,2703.92136511
425467.02824,211321.410424,2704.29576793
425468.817094,211320.515997,2704.57987387
425470.605949,211319.62157,2705.08776478
425472.394803,211318.727142,2706.02565054
425474.183658,211317.832715,2706.90067693
425475.972512,211316.938288,2707.71284395
425477.761366,211316.043861,2708.46215159
425479.708952,211315.722503,2709.39882522
425481.703061,211315.56911,2710.36851061
425483.69717,211315.415717,2711.33820758
425485.691279,211315.262324,2712.31302002
425487.685388,211315.108931,2713.29294791
425489.677682,211314.939009,2714.27343202
425491.657581,211314.656166,2715.19164744
425493.63748,211314.373324,2716.09453766
425495.617379,211314.090481,2716.98809273
425497.597278,211313.807638,2717.87231264
425499.577177,211313.524796,2718.74719739
425501.557152,211313.242789,2719.66397843
425503.555554,211313.162852,2720.66520696
425505.553956,211313.082916,2721.66811717
425507.552358,211313.00298,2722.67270907
425509.55076,211312.923044,2723.67898266
425511.549162,211312.843108,2724.65859708
425513.547564,211312.763172,2725.62664695
425515.545966,211312.683236,2726.59071414
425517.544368,211312.6033,2727.55079863
425519.54277,211312.523364,2728.50690043
425521.541171,211312.443428,2729.54904438
425523.532535,211312.306898,2730.59171715
425525.489634,211311.894877,2731.50966104
425527.446734,211311.482856,2732.42497479
425529.403833,211311.070835,2733.33765839
425531.360933,211310.658814,2734.26042547
425533.318032,211310.246793,2735.15853939
425535.275132,211309.834772,2736.05387857
425537.232232,211309.422751,2736.98186547
425539.189331,211309.01073,2737.90240293
425541.064217,211308.33204,2738.77308247
425542.913573,211307.57054,2739.62813218
425544.76293,211306.80904,2740.43352063
425546.612286,211306.047541,2741.18924781
425548.461642,211305.286041,2741.89531373
425550.310998,211304.524542,2742.57346678
425552.160354,211303.763042,2743.32963135
425554.009711,211303.001542,2744.07053722
425554.788627,211301.300444,2743.64418075
425555.303952,211299.367974,2742.98226078
425555.819277,211297.435504,2742.41895857
425556.334603,211295.503035,2741.82573221
425556.849928,211293.570565,2741.20258171
425557.365253,211291.638095,2740.54950707
425557.811187,211289.702642,2739.86094313
425557.463616,211287.733075,2738.94002949
425557.116046,211285.763507,2738.01958717
425556.768475,211283.79394,2737.09961615
425556.420904,211281.824373,2736.18011643
425556.073334,211279.854806,2735.26633463
425555.725763,211277.885239,2734.42577626
425555.378192,211275.915672,2733.59840777
425556.027587,211274.217708,2733.26396505
425557.326125,211272.696591,2733.21393504
425558.624663,211271.175473,2733.12584715
425559.923201,211269.654356,2733.04711923
425561.22174,211268.133238,2733.38146485
425562.520278,211266.612121,2733.68426274
425563.818816,211265.091003,2733.93735197
425565.117355,211263.569886,2734.14073255
425566.239544,211261.921932,2734.16631117
425567.268536,211260.206946,2734.07886761
425568.297527,211258.49196,2734.11332899
425569.326519,211256.776974,2734.16318933
425570.35551,211255.061988,2734.29693029
425571.617414,211253.528855,2734.75859458
425573.031628,211252.114641,2735.27954991
425574.445841,211250.700428,2735.72224351
425575.860055,211249.286214,2736.16796221
425577.763766,211248.736546,2737.18110986
425579.704051,211248.251475,2738.22817822
425581.644336,211247.766404,2739.66809401
425583.169908,211246.794371,2740.6632995
425583.957747,211244.956081,2740.74762232
425584.745585,211243.117791,2740.79422491
425585.506669,211241.271448,2740.78014039
425585.86444,211239.303708,2740.50947662
425586.222211,211237.335968,2740.44752073
425586.579981,211235.368228,2740.38688141
425586.937752,211233.400488,2740.32755865
425587.356258,211231.448309,2740.31769803
425587.988713,211229.550942,2740.50923111
425588.621169,211227.653575,2740.79319836
425588.413069,211225.868774,2740.46041624
425587.303669,211224.204674,2739.48173523
425585.468273,211224.656513,2738.17779957
425583.593218,211225.349877,2736.85949185
425581.736264,211226.092658,2735.54984653
425580.149064,211227.089791,2734.44953393
425579.516608,211228.987157,2734.20535556
425578.884153,211230.884524,2734.08224197
425577.621645,211232.101512,2733.58249439
425575.68136,211232.586584,2732.57563002
425573.741075,211233.071655,2731.56266272
425571.80079,211233.556726,2730.54359247
425570.490001,211232.176887,2729.60998023
425569.240611,211230.61515,2728.81029528
425568.084711,211229.004371,2728.11145004
425567.510015,211227.088719,2727.60918508
425566.93532,211225.173066,2727.11063464
425566.360624,211223.257414,2726.61579872
425565.785928,211221.341761,2726.12467732
425565.454451,211219.379066,2725.71443477
425565.27338,211217.387279,2725.33185196
425565.092308,211215.395493,2724.94390158
425564.911237,211213.403706,2724.55058363
425564.730165,211211.41192,2724.1518981
425565.447391,211209.58963,2724.18659937
425566.341818,211207.800776,2724.27070281
425567.634863,211206.283596,2724.55082549
425568.972792,211204.797008,2724.82169323
425570.310722,211203.31042,2725.11433681
425571.648651,211201.823832,2725.58204075
425572.986581,211200.337243,2726.05187155
425574.258193,211198.816488,2726.48137491
425574.692054,211196.864114,2726.31004418
425575.125915,211194.91174,2726.11668082
425575.559776,211192.959366,2725.90128483
425575.993637,211191.006991,2725.66385621
425576.427498,211189.054617,2725.43585864
425576.861359,211187.102243,2725.23180735
425577.29522,211185.149869,2725.02251985
425577.845272,211183.283133,2724.87685556
425579.581758,211182.290855,2725.42613509
425581.318244,211181.298577,2726.09172936
425583.05473,211180.306299,2726.74518063
425584.872678,211179.487526,2727.46413803
425586.745337,211178.785279,2728.23900094
425588.617995,211178.083032,2729.00362198
425590.490654,211177.380785,2729.8589231
425591.532539,211175.727133,2730.12701429
425592.480739,211173.96619,2730.24779464
425593.428938,211172.205248,2730.31557265
425594.377138,211170.444306,2730.3303483
425595.325338,211168.683364,2730.38550241
425596.273537,211166.922422,2730.44972262
425596.908651,211165.054399,2730.29098476
425597.237449,211163.081611,2729.92202215
425597.566246,211161.108823,2729.54605363
425597.753226,211159.118338,2729.15029681
425597.919317,211157.125246,2728.82266471
425598.085408,211155.132155,2728.49046795
425598.251499,211153.139063,2728.15370653
425598.41759,211151.145972,2727.81238046
425598.998857,211149.257405,2727.75403975
425599.796309,211147.423265,2727.92652912
425600.593761,211145.589125,2728.23959502
425601.391214,211143.754985,2728.58431509
425602.188666,211141.920845,2728.91455162
425602.986118,211140.086705,2729.23030459
425603.78357,211138.252564,2729.50547314
425604.581023,211136.418424,2729.78967296
425605.378475,211134.584284,2730.08479971
425606.175927,211132.750144,2730.39085341
425606.973379,211130.916004,2730.70783405
425606.08357,211129.344383,2729.85151511
425604.766561,211127.83923,2728.69035501
425603.449551,211126.334076,2727.55724523
425602.132542,211124.828923,2726.45218579
425600.796569,211123.341511,2725.36499458
425599.382356,211121.927298,2724.31857234
425597.968142,211120.513084,2723.33111185
425596.553928,211119.09887,2722.31832065
425595.139715,211117.684657,2721.32199979
425593.32323,211116.880503,2720.20597285
425591.466277,211116.137721,2719.09294894
425589.609324,211115.39494,2718.02803772
425587.75237,211114.652159,2717.07880999
425585.893031,211113.91546,2716.11742829
425584.02634,211113.197502,2715.14330669
425582.159649,211112.479543,2714.15774623
425580.292957,211111.761585,2713.1607469
425578.426266,211111.043627,2712.39220282
425576.559575,211110.325669,2711.67873163
425575.092371,211109.333343,2711.11430291
425575.092371,211107.333343,2710.98799841
425575.092371,211105.333343,2710.86169391
425575.092371,211103.333343,2710.73538942
425575.092371,211101.333343,2710.60908492
425575.092371,211099.333343,2710.50837235
425576.138828,211097.980089,2710.86136184
425577.927682,211097.085661,2711.49768411
425579.716537,211096.191234,2712.13119388
425581.505391,211095.296807,2712.85772911
425583.294245,211094.40238,2713.61218737
425585.195746,211094.534136,2714.43837853
425587.136031,211095.019207,2715.28126954
425589.076316,211095.504278,2716.11770834
425591.016601,211095.989349,2717.01512362
425592.956886,211096.474421,2717.98123666
425594.897171,211096.959492,2718.95911901
425596.837456,211097.444563,2719.94877066
425598.777741,211097.929634,2720.95019161
425600.718026,211098.414706,2722.00999142
425601.855225,211097.068268,2722.5905587
425602.812929,211095.312476,2723.05081989
425603.770634,211093.556685,2723.51677101
425604.728338,211091.800894,2723.98841208
425605.686042,211090.045103,2724.46574308
425606.020677,211088.233839,2724.73512855
425605.388221,211086.336472,2724.45480192
425604.755766,211084.439105,2724.18704951
425604.12331,211082.541739,2723.93187132
425603.490855,211080.644372,2723.68926734
425602.858399,211078.747006,2723.4795947
425602.10083,211076.896486,2723.20282937
425601.331599,211075.050332,2722.90848157
425600.562368,211073.204178,2722.60319165
425599.793137,211071.358024,2722.30288837
425599.023907,211069.51187,2722.05090428
425598.713928,211067.674355,2722.0393229
425599.552045,211065.858436,2722.61331483
425600.390161,211064.042518,2723.21679311
425601.228277,211062.226599,2723.82925574
425602.066394,211060.41068,2724.4313813
425602.90451,211058.594761,2724.94294295
425603.742626,211056.778842,2725.44195114
425604.580743,211054.962924,2725.95455879
425605.418859,211053.147005,2726.48076591
425606.256975,211051.331086,2727.0205725
425607.095092,211049.515167,2727.59151452
425607.933208,211047.699249,2728.21330173
425608.771324,211045.88333,2728.8314847
425609.117224,211043.922052,2729.17150551
425609.400067,211041.942153,2729.4748978
425609.682909,211039.962254,2729.78376885
425608.146651,211039.16199,2729.09392286
425606.223603,211038.612548,2728.1043175
425604.300555,211038.063106,2727.1005295
425602.344064,211037.662015,2726.03294698
425600.371277,211037.333217,2724.93158447
425598.400404,211036.995922,2723.87602791
425596.477356,211036.44648,2722.89423168
425594.554308,211035.897038,2721.90843191
425592.63126,211035.347595,2720.9186286
425590.909428,211036.224456,2719.79859007
425589.213431,211037.284454,2718.68918335
425587.517435,211038.344452,2717.62088989
425585.821438,211039.40445,2716.57366386
425585.683185,211041.205278,2716.35431457
425585.931254,211043.189834,2716.38066614
425586.179324,211045.17439,2716.40862588
425586.427393,211047.158945,2716.43819379
425586.675463,211049.143501,2716.46936988
425586.923532,211051.128057,2716.52975254
425587.171601,211053.112613,2716.60744604
425585.626667,211053.073706,2715.80607095
425583.686382,211052.588635,2714.80267716
425581.746097,211052.103564,2713.78955452
425579.86657,211051.475499,2712.8047221
425578.170573,211050.415501,2711.99518445
425576.474577,211049.355504,2711.2173768
425574.77858,211048.295506,2710.44141271
425573.201281,211047.122771,2709.70253072
425572.229996,211045.374456,2709.24798926
425571.25871,211043.626142,2708.77175706
425570.287424,211041.877827,2708.27383411
425569.316138,211040.129513,2707.85819018
425568.583985,211038.276003,2707.70632239
425567.95153,211036.378636,2707.59537835
425567.319074,211034.48127,2707.47362961
425566.729451,211032.570177,2707.35977246
425566.141279,211030.658619,2707.2364145
425565.553108,211028.747061,2707.11575973
425564.964936,211026.835503,2707.00578805
425564.376764,211024.923945,2706.90268419
425563.8995,211023.019824,2706.85087409
425564.737616,211021.203905,2707.32412165
425565.575732,211019.387986,2707.79498463
425566.413849,211017.572067,2708.2738242
425567.251965,211015.756149,2708.74886632
425568.090081,211013.94023,2709.220111
425568.928198,211012.124311,2709.68755823
425570.446587,211010.86441,2710.39900073
425572.059397,211009.681682,2711.18821769
425573.672207,211008.498955,2711.94860373
425575.285017,211007.316228,2712.68864793
425576.897827,211006.1335,2713.40835027
425578.510637,211004.950773,2714.10771075
425580.123447,211003.768046,2714.79460462
425581.736257,211002.585318,2715.54432757
425583.338514,211001.388361,2716.24665063
425584.938514,211000.188361,2716.90529761
425586.538514,210998.988361,2717.59172182
425588.138514,210997.788361,2718.27453497
425589.805912,210996.690936,2718.9712962
425591.542398,210995.698658,2719.8449576
425593.278884,210994.70638,2720.71582211
425595.015519,210993.71438,2721.5631052
425596.804374,210992.819952,2722.41769456
425598.593228,210991.925525,2723.25030736
425600.382082,210991.031098,2724.09903791
425601.953736,210989.99345,2724.93934278
425602.07118,210987.996901,2724.98338533
425602.188624,210986.000352,2725.02591429
425602.306068,210984.003803,2725.06692964
425602.423512,210982.007255,2725.10643138
425602.540956,210980.010706,2725.14441952
425602.6584,210978.014157,2725.17922182
425602.775845,210976.017608,2725.21262823
425603.622317,210974.258651,2725.63771263
425604.703832,210972.576294,2726.17990669
425605.785348,210970.893937,2726.71134191
425606.866863,210969.21158,2727.24459342
425607.948378,210967.529223,2727.77090596
425609.029893,210965.846866,2728.27224487
425610.111408,210964.164509,2728.76327639
425611.641327,210963.059193,2729.66038731
425613.538693,210962.426737,2730.79230463
425615.43606,210961.794282,2731.91845631
425615.794527,210960.05265,2732.05448661
425615.794527,210958.05265,2732.01200667
425615.794527,210956.05265,2731.97091448
425615.794527,210954.05265,2731.9298223
425617.087198,210952.588092,2732.60182945
425618.515715,210951.19037,2733.31824748
425620.115715,210949.99037,2734.12251205
425621.715715,210948.79037,2735.22599116
425623.440187,210947.779808,2736.37897266
425625.176673,210946.78753,2737.50775917
425626.91316,210945.795252,2738.60426323
425627.825589,210944.383867,2739.11853169
425627.604726,210942.396099,2738.87296988
425627.383863,210940.408332,2738.63563335
425627.163,210938.420564,2738.52893377
425626.736337,210936.477998,2738.33040163
425626.103881,210934.580632,2738.0069785
425625.471426,210932.683265,2737.68244208
425624.83897,210930.785898,2737.35679239
425624.325608,210928.858952,2737.14122437
425623.99681,210926.886164,2737.06970396
425623.668012,210924.913376,2737.00325429
425623.220704,210922.965237,2736.87252862
425622.735633,210921.024952,2736.72678658
425622.250561,210919.084667,2736.5667124
425622.042827,210917.18264,2736.53783887
425623.035105,210915.446154,2737.17326854
425624.027383,210913.709668,2737.80866455
425625.01966,210911.973181,2738.44402691
425626.378595,210910.539716,2739.27071537
425627.897109,210909.238133,2740.17432062
425629.415622,210907.936551,2741.05147866
425630.934135,210906.634968,2741.92502924
425632.791941,210906.25058,2742.97849445
425634.791941,210906.25058,2744.10296296
425636.791941,210906.25058,2745.22743147
425638.791941,210906.25058,2746.35189998
425640.279576,210905.539713,2747.21250804
425640.912032,210903.642346,2747.61768526
425641.544487,210901.744979,2748.00483318
425642.176943,210899.847613,2748.37845952
425642.809398,210897.950246,2748.79991666
425643.441854,210896.05288,2749.22971169
425645.053934,210894.948364,2750.17533337
425646.777802,210893.934324,2751.19081751
425648.501671,210892.920284,2752.21844767
425650.225539,210891.906243,2753.25943984
425651.949407,210890.892203,2754.30121665
425653.673276,210889.878163,2755.32574968
425655.397144,210888.864123,2756.38493909
425657.121013,210887.850082,2757.45821209
425658.898066,210887.449523,2758.51092474
425660.770724,210888.15177,2759.53166297
425662.643382,210888.854017,2760.60605544
425664.516041,210889.556264,2761.69409945
425666.378367,210890.285178,2762.80334675
425668.23532,210891.027959,2763.93301035
425670.092274,210891.77074,2765.05565951
425671.949227,210892.513522,2766.19103954
425673.806181,210893.256303,2767.33943816
425675.75444,210892.813371,2768.56309228
425677.703223,210892.363652,2769.77889131
425679.652005,210891.913933,2770.98641843
425681.600788,210891.464214,2772.2508862
425683.54957,210891.014495,2773.53260736
425685.399685,210890.373727,2774.75262569
425686.894504,210889.045,2775.79149172
425688.389322,210887.716272,2776.83414264
425689.884141,210886.387544,2777.8574649
425691.37896,210885.058817,2778.91040458
425692.86976,210883.72793,2779.97264525
425693.152603,210881.748031,2780.2500291
425693.435446,210879.768132,2780.55332518
425693.718288,210877.788233,2781.03053625
425692.640318,210876.14016,2780.55133269
425691.477842,210874.512693,2780.0340848
425690.315365,210872.885226,2779.53861028
425689.098335,210871.303973,2779.00504816
425687.684121,210869.88976,2778.31120047
425686.269908,210868.475546,2777.80637709
425684.855694,210867.061333,2777.34182715
425683.441481,210865.647119,2776.91755064
425682.027267,210864.232906,2776.53354757
425680.568052,210862.891506,2776.13708098
425678.670685,210862.259051,2775.1750135
425676.773318,210861.626595,2774.1652166
425674.875952,210860.99414,2773.13705056
425672.978585,210860.361684,2772.09051538
