Line,x_450000,y_5000000,G_DGM10m,lotzeit
profil_1_,424986.95,211266.05,2624.21672878,82
profil_1_,424988.418967,211264.692746,2624.06850583,86.8666666667
profil_1_,424989.887933,211263.335493,2623.92517966,90.9166666667
profil_1_,424991.3569,211261.978239,2623.7901315,94.5666666667
profil_1_,424992.825866,211260.620986,2623.66915501,98.4166666667
profil_1_,424994.294833,211259.263732,2623.57251703,102.0833333333
profil_1_,424995.763799,211257.906479,2623.48982957,108.55
profil_1_,424997.232766,211256.549225,2623.40988743,114.2666666667
profil_1_,424998.701733,211255.191972,2623.3326906,122.3666666667
profil_1_,425000.170699,211253.834718,2623.25767513,130.3
profil_1_,425001.639666,211252.477464,2623.1872553,137.7666666667
profil_1_,425003.108632,211251.120211,2623.13058151,144.3666666667
profil_1_,425004.577599,211249.762957,2623.08884744,149.95
profil_1_,425006.046565,211248.405704,2623.05888454,154.9
profil_1_,425007.515532,211247.04845,2623.02970045,160.3
profil_1_,425008.984499,211245.691197,2623.00129517,166.0833333333
profil_1_,425010.453465,211244.333943,2622.97800408,171.65
profil_1_,425011.922432,211242.97669,2622.97214406,176.55
profil_1_,425013.391398,211241.619436,2622.97767417,181.6833333333
profil_1_,425014.860365,211240.262182,2622.99459442,187.5833333333
profil_1_,425016.329331,211238.904929,2623.02728596,193.5166666667
profil_1_,425017.798298,211237.547675,2623.06202103,199.3666666667
profil_1_,425019.267265,211236.190422,2623.09663928,205.75
profil_1_,425020.736231,211234.833168,2623.13849283,212.3333333333
profil_1_,425022.205198,211233.475915,2623.19478817,219.0833333333
profil_1_,425023.674164,211232.118661,2623.26061422,225
profil_1_,425024.774506,211230.448557,2623.20899828,229.15
profil_1_,425025.874847,211228.778452,2623.17610295,232.4
profil_1_,425026.975188,211227.108348,2623.14784163,235.3333333333
profil_1_,425028.075529,211225.438243,2623.11935599,237.8833333333
profil_1_,425029.175871,211223.768139,2623.09064601,240.7333333333
profil_1_,425030.276212,211222.098034,2623.0658074,243.8666666667
profil_1_,425031.376553,211220.427929,2623.05859992,247.3833333333
profil_1_,425032.476894,211218.757825,2623.07842126,250.5666666667
profil_1_,425033.577236,211217.08772,2623.10707704,254
profil_1_,425034.677577,211215.417616,2623.13736592,257.5666666667
profil_1_,425035.777918,211213.747511,2623.1692879,260.8333333333
profil_1_,425036.878259,211212.077407,2623.20284298,264.2833333333
profil_1_,425037.978601,211210.407302,2623.23803115,267.8833333333
profil_1_,425039.078942,211208.737198,2623.28885457,270.7666666667
profil_1_,425040.179283,211207.067093,2623.35096269,274.4166666667
profil_1_,425041.279624,211205.396989,2623.40870524,278.8
profil_1_,425042.379966,211203.726884,2623.46575686,284.45
profil_1_,425043.480307,211202.05678,2623.52211756,290.2
profil_1_,425044.580648,211200.386675,2623.57778733,295.4333333333
profil_1_,425045.680989,211198.716571,2623.63366156,300.5166666667
profil_1_,425046.781331,211197.046466,2623.69489082,306.0166666667
profil_1_,425047.881672,211195.376362,2623.76196155,313.0833333333
profil_1_,425048.982013,211193.706257,2623.83487375,320.1833333333
profil_1_,425050.082354,211192.036152,2623.91112628,326.7333333333
profil_1_,425051.182696,211190.366048,2623.95773201,332.0666666667
profil_1_,425052.283037,211188.695943,2623.99953363,336.7833333333
profil_1_,425053.383378,211187.025839,2624.04541235,341.4666666667
profil_1_,425054.483719,211185.355734,2624.09687233,347.15
profil_1_,425055.584061,211183.68563,2624.15391355,353.1166666667
profil_1_,425056.684402,211182.015525,2624.21653603,359.5666666667
profil_1_,425057.784743,211180.345421,2624.28473975,366.7833333333
profil_1_,425058.885084,211178.675316,2624.35797497,374.65
profil_1_,425059.985426,211177.005212,2624.4295764,380.8166666667
profil_1_,425061.085767,211175.335107,2624.48940808,385.05
profil_1_,425062.186108,211173.665003,2624.55412475,387.6333333333
profil_1_,425063.286449,211171.994898,2624.62390224,390.3
profil_1_,425064.386791,211170.324794,2624.69874053,393.25
profil_1_,425065.487132,211168.654689,2624.78821572,397.0333333333
profil_1_,425066.587473,211166.984585,2624.87808905,401.0166666667
profil_1_,425067.687814,211165.31448,2624.96529739,406.25
profil_1_,425068.788156,211163.644376,2625.04984072,411.7333333333
profil_1_,425069.888497,211161.974271,2625.13171906,415.85
profil_1_,425070.988838,211160.304166,2625.21158497,418.9833333333
profil_1_,425072.089179,211158.634062,2625.30949661,421.3666666667
profil_1_,425073.189521,211156.963957,2625.40810452,423.4333333333
profil_1_,425074.289862,211155.293853,2625.5036257,425.05
profil_1_,425075.390203,211153.623748,2625.59606014,426.4333333333
profil_1_,425076.490544,211151.953644,2625.68540784,427.9333333333
profil_1_,425077.590886,211150.283539,2625.77166881,429.6666666667
profil_1_,425078.691227,211148.613435,2625.86838336,431.7333333333
profil_1_,425079.791568,211146.94333,2625.97143125,433.7333333333
profil_1_,425080.891909,211145.273226,2626.07023767,435.3166666667
profil_1_,425081.992251,211143.603121,2626.16466112,436.4666666667
profil_1_,425083.092592,211141.933017,2626.25597988,438
profil_1_,425084.192933,211140.262912,2626.34419397,439.5
profil_1_,425085.293274,211138.592808,2626.43256692,440.85
profil_1_,425086.393616,211136.922703,2626.52478557,442.2333333333
profil_1_,425087.493957,211135.252599,2626.62078187,443.3666666667
profil_1_,425088.594298,211133.582494,2626.72055584,444.1166666667
profil_1_,425089.694639,211131.912389,2626.82410747,444.5833333333
profil_1_,425090.794981,211130.242285,2626.91535532,445.3333333333
profil_1_,425091.895322,211128.57218,2626.99330586,446.7833333333
profil_1_,425092.995663,211126.902076,2627.073107,449.15
profil_1_,425094.096004,211125.231971,2627.15603077,451.2333333333
profil_1_,425095.196346,211123.561867,2627.24207717,452.35
profil_1_,425096.296687,211121.891762,2627.33124619,452.55
profil_1_,425097.397028,211120.221658,2627.42353785,453.0333333333
profil_1_,425098.497369,211118.551553,2627.51195287,454.1333333333
profil_1_,425099.597711,211116.881449,2627.59539058,455.6
profil_1_,425100.698052,211115.211344,2627.66928429,456.55
profil_1_,425101.798393,211113.54124,2627.74188257,456.75
profil_1_,425102.898734,211111.871135,2627.81750478,457.7
profil_1_,425103.999076,211110.201031,2627.89615091,459.4833333333
profil_1_,425105.099417,211108.530926,2627.97621224,461.4
profil_1_,425106.199758,211106.860822,2628.05241526,462.2833333333
profil_1_,425107.300099,211105.190717,2628.12455347,462.55
profil_1_,425108.400441,211103.520613,2628.19262689,462.4833333333
profil_1_,425109.500782,211101.850508,2628.2566355,462.35
profil_1_,425110.601123,211100.180403,2628.31751502,462.2833333333
profil_1_,425111.701464,211098.510299,2628.38453889,462.3666666667
profil_1_,425112.801806,211096.840194,2628.44809064,462.7
profil_1_,425113.902147,211095.17009,2628.5072725,463.1833333333
profil_1_,425115.002488,211093.499985,2628.56208448,463.2666666667
profil_1_,425116.102829,211091.829881,2628.61252657,462.35
profil_1_,425117.203171,211090.159776,2628.65859878,462.5666666667
profil_1_,425118.303512,211088.489672,2628.70730718,463.5666666667
profil_1_,425119.403853,211086.819567,2628.75858117,465
profil_1_,425120.504194,211085.149463,2628.80776677,464.6666666667
profil_1_,425121.604536,211083.479358,2628.84934391,462.5
profil_1_,425122.704877,211081.809254,2628.88654219,459.3166666667
profil_1_,425123.805218,211080.139149,2628.91936161,456.8
profil_1_,425124.905559,211078.469045,2628.94171441,455.6666666667
profil_1_,425126.005901,211076.79894,2628.9653953,456.2
profil_1_,425127.106242,211075.128836,2628.99122972,456.5666666667
profil_1_,425128.206583,211073.458731,2629.01921768,457.2333333333
profil_1_,425129.306924,211071.788626,2629.04935918,456.6
profil_1_,425130.407266,211070.118522,2629.0747856,454.1166666667
profil_1_,425131.507607,211068.448417,2629.07054737,449.45
profil_1_,425132.607948,211066.778313,2629.06734989,444.9666666667
profil_1_,425133.708289,211065.108208,2629.06663794,442.2333333333
profil_1_,425134.808631,211063.438104,2629.06841154,441.0166666667
profil_1_,425135.908972,211061.767999,2629.07267067,439.4666666667
profil_1_,425136.688892,211059.926336,2629.01530697,436.5666666667
profil_1_,425137.468813,211058.084672,2628.95170867,433.0666666667
profil_1_,425138.248733,211056.243009,2628.88497537,429.8333333333
profil_1_,425139.028654,211054.401346,2628.81510706,426.3166666667
profil_1_,425139.808574,211052.559682,2628.74210376,421.1166666667
profil_1_,425140.588494,211050.718019,2628.67256854,415.15
profil_1_,425141.368415,211048.876355,2628.6150814,408.9333333333
profil_1_,425142.148335,211047.034692,2628.56113701,405.2166666667
profil_1_,425142.928256,211045.193029,2628.50433114,403.9833333333
profil_1_,425143.708176,211043.351365,2628.4446638,404.4333333333
profil_1_,425144.488096,211041.509702,2628.38213497,403.7166666667
profil_1_,425145.268017,211039.668038,2628.31719992,401.6833333333
profil_1_,425146.047937,211037.826375,2628.25474348,398.45
profil_1_,425146.827858,211035.984711,2628.19496617,395.85
profil_1_,425147.607778,211034.143048,2628.13786799,393.9833333333
profil_1_,425148.387699,211032.301385,2628.08344895,391.7666666667
profil_1_,425149.167619,211030.459721,2628.03170903,389.0666666667
profil_1_,425149.947539,211028.618058,2627.96360095,385.6666666667
profil_1_,425150.72746,211026.776394,2627.89146603,382.7
profil_1_,425151.50738,211024.934731,2627.82221993,380.5166666667
profil_1_,425152.287301,211023.093068,2627.75571608,378.6666666667
profil_1_,425153.067221,211021.251404,2627.69195449,376.8666666667
profil_1_,425153.847141,211019.409741,2627.62717938,375.5
profil_1_,425154.627062,211017.568077,2627.55313214,373.75
profil_1_,425155.406982,211015.726414,2627.4756904,370.8666666667
profil_1_,425156.186903,211013.88475,2627.39485416,366.4666666667
profil_1_,425156.966823,211012.043087,2627.31062342,362.1
profil_1_,425157.746744,211010.201424,2627.22299818,358.8
profil_1_,425158.526664,211008.35976,2627.14278196,356.5166666667
profil_1_,425159.306584,211006.518097,2627.06568251,354.2833333333
profil_1_,425160.086505,211004.676433,2626.99130418,350.9833333333
profil_1_,425160.866425,211002.83477,2626.92128552,347.3166666667
profil_1_,425161.646346,211000.993107,2626.84833524,343.2666666667
profil_1_,425162.426266,210999.151443,2626.77416625,339.1833333333
profil_1_,425163.206187,210997.30978,2626.7032861,335.2333333333
profil_1_,425163.986107,210995.468116,2626.63524639,331.3833333333
profil_1_,425164.766027,210993.626453,2626.57004712,326.9666666667
profil_1_,425165.545948,210991.784789,2626.50768829,322.55
profil_1_,425166.325868,210989.943126,2626.44822144,318.1333333333
profil_1_,425167.105789,210988.101463,2626.39022993,313.7833333333
profil_1_,425167.885709,210986.259799,2626.32929278,309.5666666667
profil_1_,425168.665629,210984.418136,2626.26540998,305.8833333333
profil_1_,425169.44555,210982.576472,2626.19858155,302.55
profil_1_,425170.22547,210980.734809,2626.1335311,298.8666666667
profil_1_,425171.005391,210978.893146,2626.09067706,293.9333333333
profil_1_,425171.785311,210977.051482,2626.05258861,288.3166666667
profil_1_,425172.565232,210975.209819,2626.01173686,283.8833333333
profil_1_,425173.345152,210973.368155,2625.96812182,280.25
profil_1_,425174.125072,210971.526492,2625.92174348,277.2
profil_1_,425174.904993,210969.684829,2625.87216043,274.0333333333
profil_1_,425175.684913,210967.843165,2625.82172546,269.55
profil_1_,425176.464834,210966.001502,2625.77544244,263.75
profil_1_,425177.244754,210964.159838,2625.73331137,256.2
profil_1_,425178.024674,210962.318175,2625.69533225,248.4
profil_1_,425178.804595,210960.476511,2625.66150508,242.8166666667
profil_1_,425179.584515,210958.634848,2625.6251496,239.4833333333
profil_1_,425180.364436,210956.793185,2625.58999551,236.9833333333
profil_1_,425181.144356,210954.951521,2625.56329605,233.9833333333
profil_1_,425181.924277,210953.109858,2625.54163225,230.0833333333
profil_1_,425182.704197,210951.268194,2625.52500408,226.2
profil_1_,425183.484117,210949.426531,2625.52055909,222.6166666667
profil_1_,425184.264038,210947.584868,2625.53243558,219.0166666667
profil_1_,425185.043958,210945.743204,2625.54245352,214.6833333333
profil_1_,425185.823879,210943.901541,2625.5506129,209.2333333333
profil_1_,425186.603799,210942.059877,2625.55691372,201.95
profil_1_,425187.38372,210940.218214,2625.56135598,194.2666666667
profil_1_,425188.16364,210938.37655,2625.58934861,188.0833333333
profil_1_,425188.94356,210936.534887,2625.62457221,184.3
profil_1_,425189.723481,210934.693224,2625.6639688,183.15
profil_1_,425190.503401,210932.85156,2625.70747424,181.9166666667
profil_1_,425191.283322,210931.009897,2625.74990125,179.65
profil_1_,425192.063242,210929.168233,2625.7883153,175.8666666667
profil_1_,425192.843162,210927.32657,2625.82691272,172.5
profil_1_,425193.623083,210925.484907,2625.86966911,169.5333333333
profil_1_,425194.403003,210923.643243,2625.91658447,166.6166666667
profil_1_,425195.182924,210921.80158,2625.96765879,163.8666666667
profil_1_,425195.962844,210919.959916,2626.02287121,160.6833333333
profil_1_,425196.742765,210918.118253,2626.07814791,157.2833333333
profil_1_,425197.522685,210916.276589,2626.13140474,153.25
profil_1_,425198.302605,210914.434926,2626.1826417,149.4333333333
profil_1_,425199.082526,210912.593263,2626.2318588,146.35
profil_1_,425199.862446,210910.751599,2626.27905602,144.5833333333
profil_1_,425200.642367,210908.909936,2626.34368803,143.1666666667
profil_1_,425201.422287,210907.068272,2626.41844278,141.8833333333
profil_1_,425202.202207,210905.226609,2626.48993628,140.45
profil_1_,425202.982128,210903.384946,2626.55816854,139.0166666667
profil_1_,425203.762048,210901.543282,2626.62313955,137.4666666667
profil_1_,425204.541969,210899.701619,2626.68784777,135.7833333333
profil_1_,425205.321889,210897.859955,2626.76830765,133.1333333333
profil_1_,425206.10181,210896.018292,2626.85153783,129.7
profil_1_,425206.88173,210894.176628,2626.93753833,125.7333333333
profil_1_,425207.66165,210892.334965,2627.02630913,120.8333333333
profil_1_,425208.441571,210890.493302,2627.11785023,116.15
profil_1_,425209.221491,210888.651638,2627.21533172,111.2333333333
profil_1_,425210.001412,210886.809975,2627.31125151,105.85
profil_1_,425210.781332,210884.968311,2627.40276642,100.3666666667
profil_1_,425211.561253,210883.126648,2627.49656069,95.4666666667
profil_1_,425212.341173,210881.284985,2627.59263433,91.6666666667
profil_1_,425213.121093,210879.443321,2627.69862389,88.5666666667
profil_1_,425213.901014,210877.601658,2627.82067059,84.8166666667
profil_1_,425214.680934,210875.759994,2627.93908433,80.8
profil_1_,425215.460855,210873.918331,2628.05386512,76.7666666667
profil_1_,425216.240775,210872.076667,2628.16501295,73.4
profil_1_,425217.020695,210870.235004,2628.27252782,70.8
profil_1_,425217.800616,210868.393341,2628.38125534,69.1666666667
profil_1_,425218.580536,210866.551677,2628.49274478,66.8
profil_1_,425219.360457,210864.710014,2628.60667489,64.25
profil_1_,425220.140377,210862.86835,2628.72134094,62.7833333333
profil_2_,425178.08,211345.77,2664.23480553,191.6666666667
profil_2_,425179.365044,211344.237466,2664.039872,191.2666666667
profil_2_,425180.650089,211342.704931,2663.85606422,191.3166666667
profil_2_,425181.935133,211341.172397,2663.67049285,191.2166666667
profil_2_,425183.220177,211339.639863,2663.48613131,192.0166666667
profil_2_,425184.505221,211338.107329,2663.33223083,192.7
profil_2_,425185.790266,211336.574794,2663.1875041,193.2833333333
profil_2_,425187.07531,211335.04226,2663.05195111,193.4833333333
profil_2_,425188.360354,211333.509726,2662.92557187,193.45
profil_2_,425189.645398,211331.977192,2662.80836637,195.3
profil_2_,425190.930443,211330.444657,2662.69612996,197.2
profil_2_,425192.215487,211328.912123,2662.59918238,199.6666666667
profil_2_,425193.500531,211327.379589,2662.51691375,202.5833333333
profil_2_,425194.785575,211325.847055,2662.44269378,207
profil_2_,425196.07062,211324.31452,2662.37652247,211.3666666667
profil_2_,425197.355664,211322.781986,2662.31839983,215.4
profil_2_,425198.640708,211321.249452,2662.26832585,219.1833333333
profil_2_,425199.925752,211319.716918,2662.22501329,222.8333333333
profil_2_,425201.210797,211318.184383,2662.18564554,227.0333333333
profil_2_,425202.495841,211316.651849,2662.15180951,230.7833333333
profil_2_,425203.780885,211315.119315,2662.12321426,234.5833333333
profil_2_,425205.065929,211313.586781,2662.09985977,238.3
profil_2_,425206.350974,211312.054246,2662.08174604,242.1166666667
profil_2_,425207.636018,211310.521712,2662.06887309,246.0333333333
profil_2_,425208.921062,211308.989178,2662.05075649,249.4333333333
profil_2_,425210.206106,211307.456643,2662.01951573,253.2333333333
profil_2_,425211.491151,211305.924109,2661.98357513,257.05
profil_2_,425212.776195,211304.391575,2661.95246182,260.2333333333
profil_2_,425214.061239,211302.859041,2661.92617577,262.2333333333
profil_2_,425215.346283,211301.326506,2661.90471701,264.2666666667
profil_2_,425216.631328,211299.793972,2661.88963334,266.55
profil_2_,425217.916372,211298.261438,2661.88154277,269.65
profil_2_,425219.201416,211296.728904,2661.86452848,273.0666666667
profil_2_,425220.48646,211295.196369,2661.84229127,277.0333333333
profil_2_,425221.771505,211293.663835,2661.82611388,280.7666666667
profil_2_,425223.056549,211292.131301,2661.81393679,284.2833333333
profil_2_,425224.341593,211290.598767,2661.80575998,287.95
profil_2_,425225.626637,211289.066232,2661.80796225,291.0833333333
profil_2_,425226.911682,211287.533698,2661.80619226,294.3
profil_2_,425228.196726,211286.001164,2661.79343109,297.85
profil_2_,425229.48177,211284.46863,2661.76967873,301.0333333333
profil_2_,425230.766814,211282.936095,2661.74251763,303.9333333333
profil_2_,425232.051859,211281.403561,2661.71516311,306.8333333333
profil_2_,425233.336903,211279.871027,2661.68629558,310.05
profil_2_,425234.621947,211278.338493,2661.67362659,312.6
profil_2_,425235.906992,211276.805958,2661.64650462,314.9166666667
profil_2_,425237.192036,211275.273424,2661.60492968,317.0166666667
profil_2_,425238.47708,211273.74089,2661.54890176,319.3
profil_2_,425239.762124,211272.208356,2661.47842086,321.5666666667
profil_2_,425241.047169,211270.675821,2661.40949615,323.55
profil_2_,425242.332213,211269.143287,2661.39218542,325.9833333333
profil_2_,425243.617257,211267.610753,2661.41037488,328.4833333333
profil_2_,425244.902301,211266.078218,2661.42259276,330.9
profil_2_,425246.187346,211264.545684,2661.42883905,333.3166666667
profil_2_,425247.47239,211263.01315,2661.42911375,335.5166666667
profil_2_,425248.757434,211261.480616,2661.42341686,337.35
profil_2_,425250.042478,211259.948081,2661.41610264,339.5
profil_2_,425251.327523,211258.415547,2661.52692954,342.0333333333
profil_2_,425252.612567,211256.883013,2661.63019819,344.7333333333
profil_2_,425253.897611,211255.350479,2661.72590859,347.8333333333
profil_2_,425255.182655,211253.817944,2661.81406075,351.0166666667
profil_2_,425256.4677,211252.28541,2661.89465467,353
profil_2_,425257.75616,211250.755747,2661.96821726,354.8
profil_2_,425259.044621,211249.226084,2662.03723877,355.7666666667
profil_2_,425260.333082,211247.696421,2662.11178841,357.2333333333
profil_2_,425261.621542,211246.166758,2662.18627301,358.5833333333
profil_2_,425262.910003,211244.637095,2662.25382864,359.9833333333
profil_2_,425264.198464,211243.107432,2662.31445529,361.5
profil_2_,425265.486924,211241.577769,2662.36815295,362.8333333333
profil_2_,425266.775385,211240.048106,2662.41492162,363.95
profil_2_,425268.063846,211238.518442,2662.43260291,365.0333333333
profil_2_,425269.352306,211236.988779,2662.45509176,366.2333333333
profil_2_,425270.640767,211235.459116,2662.48172748,367.4666666667
profil_2_,425271.929228,211233.929453,2662.50448129,368.6333333333
profil_2_,425273.217688,211232.39979,2662.5222597,369.8
profil_2_,425274.506149,211230.870127,2662.53506273,370.6333333333
profil_2_,425275.79461,211229.340464,2662.54283608,371.5833333333
profil_2_,425277.08307,211227.810801,2662.55259353,372.5333333333
profil_2_,425278.371531,211226.281138,2662.56720127,373.4666666667
profil_2_,425279.659992,211224.751475,2662.58665929,374.25
profil_2_,425280.948452,211223.221812,2662.60528687,375.25
profil_2_,425282.236913,211221.692149,2662.61849139,376.7333333333
profil_2_,425283.525374,211220.162486,2662.62705734,378.15
profil_2_,425284.813834,211218.632823,2662.6599354,379.55
profil_2_,425286.102295,211217.10316,2662.70392655,381.1666666667
profil_2_,425287.390756,211215.573496,2662.7562806,382.7
profil_2_,425288.679216,211214.043833,2662.81699755,383.8666666667
profil_2_,425289.967677,211212.51417,2662.88607739,384.9666666667
profil_2_,425291.256138,211210.984507,2662.96540847,386.1
profil_2_,425292.544598,211209.454844,2663.05869983,386.7666666667
profil_2_,425293.833059,211207.925181,2663.18576813,387.5166666667
profil_2_,425295.12152,211206.395518,2663.3248178,389.0666666667
profil_2_,425296.40998,211204.865855,2663.47584883,390.4666666667
profil_2_,425297.698441,211203.336192,2663.63886123,391.8
profil_2_,425298.986902,211201.806529,2663.81385499,393.2333333333
profil_2_,425300.275362,211200.276866,2664.00105267,394.85
profil_2_,425301.563823,211198.747203,2664.15692761,396.1666666667
profil_2_,425302.852284,211197.21754,2664.31403973,397.6166666667
profil_2_,425304.140744,211195.687877,2664.48143946,399.1
profil_2_,425305.429205,211194.158213,2664.6591268,400.6
profil_2_,425306.717666,211192.62855,2664.84710176,402.0833333333
profil_2_,425308.006126,211191.098887,2665.04536433,403.7666666667
profil_2_,425308.235952,211189.112136,2664.98699666,404.2166666667
profil_2_,425308.465777,211187.125385,2664.83879292,404.8166666667
profil_2_,425308.695603,211185.138634,2664.69194472,405.8333333333
profil_2_,425308.925428,211183.151883,2664.54645208,406.5833333333
profil_2_,425309.155253,211181.165131,2664.40231498,406.4166666667
profil_2_,425309.385079,211179.17838,2664.25767323,406.4833333333
profil_2_,425309.614904,211177.191629,2664.11235735,406.9833333333
profil_2_,425309.84473,211175.204878,2663.96925762,408
profil_2_,425310.074555,211173.218127,2663.83081338,408.8333333333
profil_2_,425310.30438,211171.231375,2663.69972903,409.15
profil_2_,425310.534206,211169.244624,2663.62151245,409.3333333333
profil_2_,425310.764031,211167.257873,2663.62771515,409.6333333333
profil_2_,425310.993857,211165.271122,2663.63578619,410.4833333333
profil_2_,425311.223682,211163.284371,2663.64572557,411.4666666667
profil_2_,425311.453507,211161.29762,2663.65753328,412.6333333333
profil_2_,425311.683333,211159.310868,2663.69794863,413.7333333333
profil_2_,425311.913158,211157.324117,2663.78875608,414.8833333333
profil_2_,425312.142984,211155.337366,2663.87872077,415.45
profil_2_,425312.372809,211153.350615,2663.9678427,415.6166666667
profil_2_,425312.602634,211151.363864,2664.05612188,416.0166666667
profil_2_,425312.83246,211149.377112,2664.13581069,416.6
profil_2_,425313.062285,211147.390361,2664.19856397,417.45
profil_2_,425313.292111,211145.40361,2664.26180106,418.1
profil_2_,425313.521936,211143.416859,2664.32552196,418.2333333333
profil_2_,425313.751762,211141.430108,2664.38972666,418.2166666667
profil_2_,425313.981587,211139.443356,2664.4508126,417.8666666667
profil_2_,425314.211412,211137.456605,2664.50211211,417.7666666667
profil_2_,425314.441238,211135.469854,2664.55231023,417.9833333333
profil_2_,425314.671063,211133.483103,2664.60140697,417.0166666667
profil_2_,425314.900889,211131.496352,2664.64940233,416.0666666667
profil_2_,425315.130714,211129.509601,2664.68414047,415.4
profil_2_,425315.360539,211127.522849,2664.68129224,414.5666666667
profil_2_,425315.590365,211125.536098,2664.67831469,413.65
profil_2_,425315.82019,211123.549347,2664.67520783,411.6666666667
profil_2_,425316.050016,211121.562596,2664.67197166,409.3333333333
profil_2_,425316.279841,211119.575845,2664.65379433,407.3333333333
profil_2_,425316.509666,211117.589093,2664.57956919,405.8666666667
profil_2_,425316.739492,211115.602342,2664.50298744,405.1666666667
profil_2_,425316.969317,211113.615591,2664.42404909,403.75
profil_2_,425317.199143,211111.62884,2664.34275414,401.7166666667
profil_2_,425317.428968,211109.642089,2664.25702556,400.4
profil_2_,425317.658793,211107.655337,2664.16003391,399.2666666667
profil_2_,425317.888619,211105.668586,2664.06161091,398.2833333333
profil_2_,425318.118444,211103.681835,2663.96175656,397.65
profil_2_,425318.34827,211101.695084,2663.86047085,396.8
profil_2_,425318.578095,211099.708333,2663.76322695,396.1166666667
profil_2_,425318.80792,211097.721582,2663.69562626,395.6333333333
profil_2_,425319.037746,211095.73483,2663.62531447,396.3
profil_2_,425319.267571,211093.748079,2663.55229158,397.4
profil_2_,425319.497397,211091.761328,2663.4765576,398.1833333333
profil_2_,425319.727222,211089.774577,2663.40391503,399.15
profil_2_,425319.957048,211087.787826,2663.37493036,400.0666666667
profil_2_,425320.186873,211085.801074,2663.3427224,401.0166666667
profil_2_,425320.416698,211083.814323,2663.30680028,401.9
profil_2_,425320.646524,211081.827572,2663.26746922,402.8833333333
profil_2_,425320.876349,211079.840821,2663.2211902,403.65
profil_2_,425321.106175,211077.85407,2663.13255081,404.9666666667
profil_2_,425321.336,211075.867318,2663.04361489,406.0333333333
profil_2_,425321.565825,211073.880567,2662.95438245,406.5666666667
profil_2_,425321.795651,211071.893816,2662.86485348,406.4
profil_2_,425322.025476,211069.907065,2662.77296665,405.9
profil_2_,425322.255302,211067.920314,2662.6385443,405.2333333333
profil_2_,425322.485127,211065.933563,2662.50337952,404.2333333333
profil_2_,425322.714952,211063.946811,2662.3674723,402.8
profil_2_,425322.944778,211061.96006,2662.23082266,401.0333333333
profil_2_,425323.174603,211059.973309,2662.09291085,399.3666666667
profil_2_,425323.404429,211057.986558,2661.91712751,397.9666666667
profil_2_,425323.634254,211055.999807,2661.74264843,396.6666666667
profil_2_,425323.864079,211054.013055,2661.56947363,395.0333333333
profil_2_,425324.093905,211052.026304,2661.39760309,393.3666666667
profil_2_,425324.32373,211050.039553,2661.22703683,391.7333333333
profil_2_,425324.553556,211048.052802,2661.05069414,390
profil_2_,425324.783381,211046.066051,2660.87318538,389.2166666667
profil_2_,425325.013206,211044.079299,2660.69463097,387.6333333333
profil_2_,425325.243032,211042.092548,2660.51503091,386.1833333333
profil_2_,425325.472857,211040.105797,2660.33438521,384.4166666667
profil_2_,425325.702683,211038.119046,2660.15043259,382.5166666667
profil_2_,425325.932508,211036.132295,2659.96682841,380.9666666667
profil_2_,425326.162333,211034.145544,2659.78374148,379.1166666667
profil_2_,425326.392159,211032.158792,2659.60117181,376.5833333333
profil_2_,425326.621984,211030.172041,2659.41911938,373.55
profil_2_,425326.85181,211028.18529,2659.22835588,369.2333333333
profil_2_,425327.081635,211026.198539,2659.03566488,365.1833333333
profil_2_,425327.311461,211024.211788,2658.8418502,360.7666666667
profil_2_,425327.541286,211022.225036,2658.64691184,356.1833333333
profil_2_,425327.771111,211020.238285,2658.4508498,351.5166666667
profil_2_,425328.000937,211018.251534,2658.27347402,346.3833333333
profil_2_,425328.230762,211016.264783,2658.09929857,341.2
profil_2_,425328.460588,211014.278032,2657.92572732,336.2166666667
profil_2_,425328.690413,211012.29128,2657.75276027,331.5166666667
profil_2_,425328.920238,211010.304529,2657.58039743,327.4166666667
profil_2_,425329.150064,211008.317778,2657.4323475,323.9666666667
profil_2_,425329.379889,211006.331027,2657.28843612,320.65
profil_2_,425329.609715,211004.344276,2657.14430849,317.55
profil_2_,425329.83954,211002.357525,2656.99996459,314.6166666667
profil_2_,425330.069365,211000.370773,2656.85656893,312.05
profil_2_,425330.299191,210998.384022,2656.77030742,310.4666666667
profil_2_,425330.529016,210996.397271,2656.69645382,308.9166666667
profil_2_,425330.758842,210994.41052,2656.62258908,307.1833333333
profil_2_,425330.988667,210992.423769,2656.54871319,305.2833333333
profil_2_,425331.218492,210990.437017,2656.47482615,303.15
profil_2_,425331.448318,210988.450266,2656.40895043,301.0666666667
profil_2_,425331.678143,210986.463515,2656.34636763,298.7666666667
profil_2_,425331.907969,210984.476764,2656.28494418,296.1666666667
profil_2_,425332.137794,210982.490013,2656.22468009,293.4166666667
profil_2_,425332.367619,210980.503261,2656.16557534,290.45
profil_2_,425332.597445,210978.51651,2656.10881371,287.55
profil_2_,425332.82727,210976.529759,2656.05190148,284.65
profil_2_,425333.057096,210974.543008,2655.99418886,281.3333333333
profil_2_,425333.286921,210972.556257,2655.93567583,278.1833333333
profil_2_,425333.516747,210970.569506,2655.87636241,274.7
profil_2_,425333.746572,210968.582754,2655.79888869,271.2
profil_2_,425333.976397,210966.596003,2655.71486869,267.4666666667
profil_2_,425334.206223,210964.609252,2655.63148411,264
profil_2_,425334.436048,210962.622501,2655.54873494,259.8166666667
profil_2_,425334.665874,210960.63575,2655.46662119,255.6166666667
profil_2_,425334.895699,210958.648998,2655.37063897,251.8
profil_2_,425335.125524,210956.662247,2655.26743132,248.2166666667
profil_2_,425335.35535,210954.675496,2655.16362616,245.3166666667
profil_2_,425335.585175,210952.688745,2655.05922348,241.9833333333
profil_2_,425335.815001,210950.701994,2654.9542233,238.1
profil_2_,425336.044826,210948.715242,2654.84498283,234.5166666667
profil_2_,425336.274651,210946.728491,2654.73490012,230.95
profil_2_,425336.504477,210944.74174,2654.62634017,227.6
profil_2_,425336.734302,210942.754989,2654.51930299,223.4666666667
profil_2_,425336.964128,210940.768238,2654.41378857,219.5166666667
profil_2_,425337.193953,210938.781487,2654.32190277,215.4666666667
profil_2_,425337.423778,210936.794735,2654.23829447,212.05
profil_2_,425337.653604,210934.807984,2654.15512094,209.3333333333
profil_2_,425337.883429,210932.821233,2654.07238216,206.4333333333
profil_2_,425338.113255,210930.834482,2653.99007813,203.8333333333
profil_2_,425338.34308,210928.847731,2653.94810202,201.15
profil_2_,425338.572905,210926.860979,2653.93682186,197.9333333333
profil_2_,425338.802731,210924.874228,2653.92771102,194.45
profil_2_,425339.032556,210922.887477,2653.92076951,190.8833333333
profil_2_,425339.262382,210920.900726,2653.91599732,188.1333333333
profil_2_,425339.492207,210918.913975,2653.92301869,185.05
profil_2_,425339.722032,210916.927223,2653.93890187,182.3833333333
profil_2_,425339.951858,210914.940472,2653.95528669,179.4
profil_2_,425340.181683,210912.953721,2653.97372304,176.2666666667
profil_2_,425340.411509,210910.96697,2653.99437311,173.0166666667
profil_2_,425340.641334,210908.980219,2654.01749492,169.5666666667
profil_2_,425340.87116,210906.993468,2654.04163454,165.9333333333
profil_2_,425341.100985,210905.006716,2654.06584329,162.1166666667
profil_2_,425341.33081,210903.019965,2654.09012114,158.5333333333
profil_2_,425341.560636,210901.033214,2654.11446812,154.45
profil_2_,425341.790461,210899.046463,2654.11971075,149.85
profil_2_,425342.020287,210897.059712,2654.1050982,145.9166666667
profil_2_,425342.250112,210895.07296,2654.09170521,141.7833333333
profil_2_,425342.479937,210893.086209,2654.07953176,136.7833333333
profil_2_,425342.709763,210891.099458,2654.06857786,131.1333333333
profil_2_,425342.939588,210889.112707,2654.06086307,128.6333333333
profil_2_,425343.169414,210887.125956,2654.05574147,126.05
profil_2_,425343.399239,210885.139204,2654.05027875,123.7166666667
profil_2_,425343.629064,210883.152453,2654.04447492,121.7333333333
profil_2_,425343.85889,210881.165702,2654.03832996,119.0833333333
profil_2_,425344.088715,210879.178951,2654.03531603,116.85
profil_2_,425344.318541,210877.1922,2654.03827859,114.35
profil_2_,425344.548366,210875.205449,2654.04286424,113.2
profil_3_,425517.44,211087.89,2695.46067425,410.45
profil_3_,425515.447555,211088.063673,2695.10583703,408.8
profil_3_,425513.45511,211088.237347,2694.75187505,407.5
profil_3_,425511.462665,211088.41102,2694.39878828,404.4666666667
profil_3_,425509.47022,211088.584694,2694.03814932,401.2333333333
profil_3_,425507.477774,211088.758367,2693.65373987,398.7833333333
profil_3_,425505.485329,211088.932041,2693.26802773,396.6166666667
profil_3_,425503.492884,211089.105714,2692.88101289,394.4
profil_3_,425501.500439,211089.279388,2692.49269535,392.7666666667
profil_3_,425499.507994,211089.453061,2692.1047795,391.5333333333
profil_3_,425497.515549,211089.626734,2691.7217816,389.8166666667
profil_3_,425495.523104,211089.800408,2691.33912162,387.7
profil_3_,425493.530659,211089.974081,2690.95679957,385.45
profil_3_,425491.538214,211090.147755,2690.57531954,383.7166666667
profil_3_,425489.545768,211090.321428,2690.18597288,382.3666666667
profil_3_,425487.553323,211090.495102,2689.77344894,380.8166666667
profil_3_,425485.560878,211090.668775,2689.36139133,379.6666666667
profil_3_,425483.568433,211090.842449,2688.94980006,377.9
profil_3_,425481.575988,211091.016122,2688.53867513,376.45
profil_3_,425479.583543,211091.189795,2688.1345019,375.3666666667
profil_3_,425477.591098,211091.363469,2687.75459795,373.65
profil_3_,425475.598653,211091.537142,2687.37393705,372.0833333333
profil_3_,425473.606207,211091.710816,2686.9925192,370.6666666667
profil_3_,425471.613762,211091.884489,2686.6103444,369.3666666667
profil_3_,425469.621317,211092.058163,2686.22973126,368.95
profil_3_,425467.628872,211092.231836,2685.85917396,368.6
profil_3_,425465.636427,211092.40551,2685.489426,368.15
profil_3_,425463.643982,211092.579183,2685.12048737,367.5833333333
profil_3_,425461.651537,211092.752856,2684.75235806,366.4833333333
profil_3_,425459.659092,211092.92653,2684.39140454,365.3833333333
profil_3_,425457.666647,211093.100203,2684.06131815,363.8333333333
profil_3_,425455.674201,211093.273877,2683.73070123,363.6833333333
profil_3_,425453.681756,211093.44755,2683.39955376,363.4666666667
profil_3_,425451.689311,211093.621224,2683.06787575,362.6833333333
profil_3_,425449.696866,211093.794897,2682.73877412,361.6833333333
profil_3_,425447.704421,211093.968571,2682.42730988,361.25
profil_3_,425445.711976,211094.142244,2682.11679689,361.3333333333
profil_3_,425443.719531,211094.315918,2681.80723516,361.6166666667
profil_3_,425441.727086,211094.489591,2681.49862469,360.8666666667
profil_3_,425439.734641,211094.663264,2681.19587017,359.6333333333
profil_3_,425437.742195,211094.836938,2680.92503455,358.25
profil_3_,425435.74975,211095.010611,2680.65346564,357.9
profil_3_,425433.757305,211095.184285,2680.38116343,356.8666666667
profil_3_,425431.76486,211095.357958,2680.10812792,356.3
profil_3_,425429.772415,211095.531632,2679.8384374,355.85
profil_3_,425427.77997,211095.705305,2679.6004717,356.1
profil_3_,425425.787525,211095.878979,2679.36326633,355.7333333333
profil_3_,425423.79508,211096.052652,2679.12682128,355.35
profil_3_,425421.802635,211096.226325,2678.89113657,355.9166666667
profil_3_,425419.810189,211096.399999,2678.65799704,356.9166666667
profil_3_,425417.817744,211096.573672,2678.44193846,358.3333333333
profil_3_,425415.825299,211096.747346,2678.22548959,360.0666666667
profil_3_,425413.832854,211096.921019,2678.00865041,361.1666666667
profil_3_,425411.840409,211097.094693,2677.79142093,362.7
profil_3_,425409.847964,211097.268366,2677.57489742,364.5333333333
profil_3_,425407.855519,211097.44204,2677.37204521,366.35
profil_3_,425405.863074,211097.615713,2677.17027267,369.25
profil_3_,425403.870628,211097.789386,2676.96957979,372.9166666667
profil_3_,425401.878183,211097.96306,2676.76996659,376.45
profil_3_,425399.885738,211098.136733,2676.56798718,380.0166666667
profil_3_,425397.893293,211098.310407,2676.30986688,383.5833333333
profil_3_,425395.900848,211098.48408,2676.05173137,387.7333333333
profil_3_,425393.908403,211098.657754,2675.79358065,391.35
profil_3_,425391.915958,211098.831427,2675.53541472,394.05
profil_3_,425389.923513,211099.005101,2675.27653393,397.0333333333
profil_3_,425387.931068,211099.178774,2675.00066451,399.8166666667
profil_3_,425385.938622,211099.352447,2674.72584434,403.3166666667
profil_3_,425383.946177,211099.526121,2674.45207343,407.2
profil_3_,425381.953732,211099.699794,2674.17935177,410.0833333333
profil_3_,425379.961287,211099.873468,2673.90776603,412.8333333333
profil_3_,425377.968842,211100.047141,2673.64035672,416.15
profil_3_,425375.976397,211100.220815,2673.37228613,418.8
profil_3_,425373.983952,211100.394488,2673.10537124,421.45
profil_3_,425371.991507,211100.568162,2672.83961205,423.2833333333
profil_3_,425369.999062,211100.741835,2672.57501725,425.45
profil_3_,425368.006616,211100.915508,2672.32915094,427.65
profil_3_,425366.014171,211101.089182,2672.08273213,428.9333333333
profil_3_,425364.021726,211101.262855,2671.8357608,430.3833333333
profil_3_,425362.029281,211101.436529,2671.58823697,431.2
profil_3_,425360.036836,211101.610202,2671.34016063,431.5
profil_3_,425358.044391,211101.783876,2671.06411899,431.5
profil_3_,425356.051946,211101.957549,2670.78779527,430.9333333333
profil_3_,425354.059501,211102.131223,2670.51171316,429.4166666667
profil_3_,425352.067056,211102.304896,2670.23587268,428.3
profil_3_,425350.07461,211102.478569,2669.96027381,427.4666666667
profil_3_,425348.082165,211102.652243,2669.65563899,426.7166666667
profil_3_,425346.08972,211102.825916,2669.34860465,425.8333333333
profil_3_,425344.097275,211102.99959,2669.04028113,423.8
profil_3_,425342.10483,211103.173263,2668.73066842,421.65
profil_3_,425340.112385,211103.346937,2668.41976654,419.0833333333
profil_3_,425338.11994,211103.52061,2668.054558,416.9166666667
profil_3_,425336.127495,211103.694284,2667.68567427,415.8666666667
profil_3_,425334.135049,211103.867957,2667.3163073,414.3166666667
profil_3_,425332.142604,211104.041631,2666.9464571,412.1166666667
profil_3_,425330.150159,211104.215304,2666.57612367,410.05
profil_3_,425328.157714,211104.388977,2666.17032655,407.9666666667
profil_3_,425326.165269,211104.562651,2665.75991054,405.6833333333
profil_3_,425324.172824,211104.736324,2665.3476765,403.5833333333
profil_3_,425322.180379,211104.909998,2664.93362442,400.7833333333
profil_3_,425320.187934,211105.083671,2664.51775431,398.35
profil_3_,425318.195489,211105.257345,2664.09756243,395.9666666667
profil_3_,425316.203043,211105.431018,2663.67599048,395.1
profil_3_,425314.208116,211105.288665,2663.23085515,395.5166666667
profil_3_,425312.213188,211105.146313,2662.78661004,395.4666666667
profil_3_,425310.218261,211105.00396,2662.34325516,395.1833333333
profil_3_,425308.223333,211104.861607,2661.92418443,394.4833333333
profil_3_,425306.228406,211104.719254,2661.50924092,394.0833333333
profil_3_,425304.233478,211104.576902,2661.09557173,394.1
profil_3_,425302.238551,211104.434549,2660.68317687,394.1
profil_3_,425300.243624,211104.292196,2660.27205632,394.0833333333
profil_3_,425298.248696,211104.149843,2659.90389019,394.5333333333
profil_3_,425296.253769,211104.007491,2659.54162992,396.15
profil_3_,425294.258841,211103.865138,2659.17940154,397.5
profil_3_,425292.263914,211103.722785,2658.81720506,398.9333333333
profil_3_,425290.268986,211103.580432,2658.45504046,400.1166666667
profil_3_,425288.274059,211103.43808,2658.10318442,400.85
profil_3_,425286.279131,211103.295727,2657.7534287,401.05
profil_3_,425284.284204,211103.153374,2657.40420546,400.1333333333
profil_3_,425282.289276,211103.011021,2657.05551468,399.2666666667
profil_3_,425280.294349,211102.868669,2656.70735637,398.9666666667
profil_3_,425278.299421,211102.726316,2656.32013779,399.2
profil_3_,425276.304494,211102.583963,2655.92549928,399.7333333333
profil_3_,425274.309566,211102.44161,2655.53020628,400.1166666667
profil_3_,425272.314639,211102.299258,2655.13425879,400.5666666667
profil_3_,425270.319711,211102.156905,2654.73765681,400.6166666667
profil_3_,425268.324784,211102.014552,2654.32713901,400.1333333333
profil_3_,425266.329856,211101.8722,2653.91417818,398.9333333333
profil_3_,425264.334929,211101.729847,2653.50136988,398.4666666667
profil_3_,425262.340001,211101.587494,2653.08871411,397.9833333333
profil_3_,425260.345074,211101.445141,2652.67621087,397.6833333333
profil_3_,425258.350146,211101.302789,2652.2609723,397
profil_3_,425256.355219,211101.160436,2651.84457923,396.5333333333
profil_3_,425254.360291,211101.018083,2651.42756911,395.9666666667
profil_3_,425252.365364,211100.87573,2651.00994193,395.55
profil_3_,425250.370436,211100.733378,2650.5916977,394.95
profil_3_,425248.375509,211100.591025,2650.21486708,394.1666666667
profil_3_,425246.380581,211100.448672,2649.84754088,394.4666666667
profil_3_,425244.385654,211100.306319,2649.48018971,395.9333333333
profil_3_,425242.390726,211100.163967,2649.11281359,397.1
profil_3_,425240.395799,211100.021614,2648.7454125,398.8166666667
profil_3_,425238.400871,211099.879261,2648.39140487,400.7166666667
profil_3_,425236.405944,211099.736908,2648.04101138,403.2
profil_3_,425234.411016,211099.594556,2647.69082033,406.0166666667
profil_3_,425232.416089,211099.452203,2647.34083173,407.7833333333
profil_3_,425230.421161,211099.30985,2646.99104558,409.5
profil_3_,425228.426234,211099.167497,2646.65583386,411.5666666667
profil_3_,425226.431306,211099.025145,2646.32383727,414.45
profil_3_,425224.436379,211098.882792,2645.99111131,418.1
profil_3_,425222.441451,211098.740439,2645.65765598,421.2666666667
profil_3_,425220.446524,211098.598086,2645.32347127,424.6833333333
profil_3_,425218.451596,211098.455734,2644.98235628,428.5166666667
profil_3_,425216.456669,211098.313381,2644.63963253,431.7666666667
profil_3_,425214.461741,211098.171028,2644.29720274,434.3
profil_3_,425212.466814,211098.028675,2643.95506693,436.6333333333
profil_3_,425210.471886,211097.886323,2643.61322508,438.05
profil_3_,425208.476959,211097.74397,2643.28655763,439.7166666667
profil_3_,425206.482031,211097.601617,2642.96385805,441.4333333333
profil_3_,425204.487104,211097.459265,2642.64039027,443.3
profil_3_,425202.492176,211097.316912,2642.3161543,445.4833333333
profil_3_,425200.497249,211097.174559,2641.99115012,447.7
profil_3_,425198.502321,211097.032206,2641.67319938,450.25
profil_3_,425196.507394,211096.889854,2641.35797676,452.25
profil_3_,425194.512466,211096.747501,2641.04301344,454.0666666667
profil_3_,425192.517539,211096.605148,2640.72830942,455.6166666667
profil_3_,425190.522611,211096.462795,2640.4138647,457.1166666667
profil_3_,425188.527684,211096.320443,2640.10927595,458.3
profil_3_,425186.532756,211096.17809,2639.80758652,459.7166666667
profil_3_,425184.537829,211096.035737,2639.5052745,460.9333333333
profil_3_,425182.542902,211095.893384,2639.20233988,461.8
profil_3_,425180.547974,211095.751032,2638.89878266,462.5833333333
profil_3_,425178.553047,211095.608679,2638.58842528,463.2666666667
profil_3_,425176.558119,211095.466326,2638.27597783,464.0666666667
profil_3_,425174.563192,211095.323973,2637.96391864,464.35
profil_3_,425172.568264,211095.181621,2637.65224771,464.2833333333
profil_3_,425170.573337,211095.039268,2637.34096504,464.25
profil_3_,425168.578409,211094.896915,2637.02582192,464.2833333333
profil_3_,425166.583482,211094.754562,2636.7085568,464.6333333333
profil_3_,425164.588554,211094.61221,2636.39074951,465.0833333333
profil_3_,425162.593627,211094.469857,2636.07240004,464.75
profil_3_,425160.598699,211094.327504,2635.75350839,464.7
profil_3_,425158.603772,211094.185151,2635.434879,464.5666666667
profil_3_,425156.608844,211094.042799,2635.11689267,464.6166666667
profil_3_,425154.613917,211093.900446,2634.79935285,465.6
profil_3_,425152.618989,211093.758093,2634.48225953,465.9333333333
profil_3_,425150.624062,211093.61574,2634.1656127,466.2833333333
profil_3_,425148.629134,211093.473388,2633.85138709,466.85
profil_3_,425146.634207,211093.331035,2633.53778287,467.5666666667
profil_3_,425144.639279,211093.188682,2633.22376681,469.1666666667
profil_3_,425142.644352,211093.04633,2632.90933892,470.3166666667
profil_3_,425140.649424,211092.903977,2632.5944992,470.75
profil_3_,425138.654497,211092.761624,2632.28155121,471.0666666667
profil_3_,425136.659569,211092.619271,2631.97015188,471.4
profil_3_,425134.664642,211092.476919,2631.65935434,471.9833333333
profil_3_,425132.669714,211092.334566,2631.34915861,473.3666666667
profil_3_,425130.674787,211092.192213,2631.03956467,473.9666666667
profil_3_,425128.679859,211092.04986,2630.7105661,474.5
profil_3_,425126.684932,211091.907508,2630.37114351,475.1333333333
profil_3_,425125.003308,211090.824853,2630.0048881,475.0666666667
profil_3_,425123.321684,211089.742198,2629.63672756,474.9833333333
profil_3_,425121.64006,211088.659543,2629.27167181,474.9833333333
profil_3_,425119.958437,211087.576888,2628.91078488,475.3166666667
profil_3_,425118.276813,211086.494233,2628.54424592,475.7833333333
profil_3_,425116.595189,211085.411578,2628.17559121,476
profil_3_,425114.913565,211084.328924,2627.80482073,475.5333333333
profil_3_,425113.231942,211083.246269,2627.4319345,475.1166666667
profil_3_,425111.550318,211082.163614,2627.05693251,474.5333333333
profil_3_,425109.868694,211081.080959,2626.67986436,473.35
profil_3_,425108.18707,211079.998304,2626.30483998,472.3166666667
profil_3_,425106.505447,211078.915649,2625.93351154,470.8333333333
profil_3_,425104.823823,211077.832995,2625.55988954,470.1833333333
profil_3_,425103.142199,211076.75034,2625.18397399,469.3333333333
profil_3_,425101.460575,211075.667685,2624.80576489,468.2
profil_3_,425099.778952,211074.58503,2624.42399372,466.65
profil_3_,425098.097328,211073.502375,2624.03566109,465.3
profil_3_,425096.415704,211072.41972,2623.65230671,464.1
profil_3_,425094.73408,211071.337065,2623.27393058,462.8166666667
profil_3_,425093.052457,211070.254411,2622.90053271,460.95
profil_3_,425091.370833,211069.171756,2622.52547854,458.9666666667
profil_3_,425089.689209,211068.089101,2622.14521816,457.2666666667
profil_3_,425088.007585,211067.006446,2621.75404294,455.7666666667
profil_3_,425086.325961,211065.923791,2621.36966838,455.2166666667
profil_3_,425084.644338,211064.841136,2620.99209446,454.7833333333
profil_3_,425082.962714,211063.758481,2620.62132119,453.85
profil_3_,425081.28109,211062.675827,2620.25734857,453.2
profil_3_,425079.599466,211061.593172,2619.89352014,452.9
profil_3_,425077.917843,211060.510517,2619.51042489,452.3666666667
profil_3_,425076.236219,211059.427862,2619.12561639,451.9166666667
profil_3_,425074.554595,211058.345207,2618.74484659,451.6666666667
profil_3_,425072.872971,211057.262552,2618.37057519,450.4333333333
profil_3_,425071.191348,211056.179897,2618.00280219,449
profil_3_,425069.509724,211055.097243,2617.63648777,447.0166666667
profil_3_,425067.8281,211054.014588,2617.25943653,444.1166666667
profil_3_,425066.146476,211052.931933,2616.88115851,441.4166666667
profil_3_,425064.464853,211051.849278,2616.5016537,439.4833333333
profil_3_,425062.783229,211050.766623,2616.12092211,437.8333333333
profil_3_,425061.101605,211049.683968,2615.74057878,435.7333333333
profil_3_,425059.419981,211048.601314,2615.36595694,434.05
profil_3_,425057.738358,211047.518659,2614.98909384,431.4666666667
profil_3_,425056.056734,211046.436004,2614.61050613,429.0166666667
profil_3_,425054.37511,211045.353349,2614.23019381,425.5166666667
profil_3_,425052.693486,211044.270694,2613.84815689,421.9
profil_3_,425051.011863,211043.188039,2613.46439535,418.4
profil_3_,425049.330239,211042.105384,2613.0777627,414.9833333333
profil_3_,425047.648615,211041.02273,2612.69304946,412.3166666667
profil_3_,425045.966991,211039.940075,2612.31431275,409.5
profil_3_,425044.285367,211038.85742,2611.93786297,406.55
profil_3_,425042.71527,211037.618551,2611.57396369,404
profil_3_,425041.145173,211036.379683,2611.20859225,401.2666666667
profil_3_,425039.575076,211035.140814,2610.83890217,398.9
profil_3_,425038.004979,211033.901946,2610.46473294,396.0833333333
profil_3_,425036.434882,211032.663078,2610.09643333,393.0833333333
profil_3_,425034.864785,211031.424209,2609.73400335,389.5166666667
profil_3_,425033.294688,211030.185341,2609.37744299,386.8333333333
profil_3_,425031.724591,211028.946472,2609.01997448,384
profil_3_,425030.154493,211027.707604,2608.65961733,381.3166666667
profil_3_,425028.584396,211026.468735,2608.27753609,378.3166666667
profil_3_,425027.014299,211025.229867,2607.89796332,375.3666666667
profil_3_,425025.444202,211023.990998,2607.52337688,372.4166666667
profil_3_,425023.874105,211022.75213,2607.15377677,369.15
profil_3_,425022.304008,211021.513261,2606.78916299,365.9166666667
profil_3_,425020.733911,211020.274393,2606.42953554,362.6166666667
profil_3_,425019.163814,211019.035525,2606.05256826,359.1166666667
profil_3_,425017.593717,211017.796656,2605.66431092,356
profil_3_,425016.023619,211016.557788,2605.28086895,353.4333333333
profil_3_,425014.453522,211015.318919,2604.90224235,351.4
profil_3_,425012.883425,211014.080051,2604.52843112,348.9333333333
profil_3_,425011.313328,211012.841182,2604.15943526,346.6666666667
profil_3_,425009.743231,211011.602314,2603.79062064,344.65
profil_3_,425008.173134,211010.363445,2603.39813357,342.45
profil_3_,425006.603037,211009.124577,2602.99339777,340.8
profil_3_,425005.03294,211007.885708,2602.58765296,339.9666666667
profil_3_,425003.462842,211006.64684,2602.18561228,339.3166666667
profil_3_,425001.892745,211005.407972,2601.78727573,337.9166666667
profil_3_,425000.322648,211004.169103,2601.39264331,336.15
profil_3_,424998.752551,211002.930235,2600.98277991,334.1166666667
profil_3_,424997.182454,211001.691366,2600.56508458,332.3666666667
profil_3_,424995.612357,211000.452498,2600.14369462,331.4
profil_3_,424994.04226,210999.213629,2599.70987432,330.0333333333
profil_3_,424992.472163,210997.974761,2599.27324822,328.6833333333
profil_3_,424990.902066,210996.735892,2598.8401648,326.55
profil_3_,424989.331968,210995.497024,2598.40346025,323.5666666667
profil_3_,424987.761871,210994.258155,2597.95507395,319.9666666667
profil_3_,424986.191774,210993.019287,2597.50244215,316
profil_3_,424984.621677,210991.780419,2597.04556484,311.9
profil_3_,424983.05158,210990.54155,2596.58444203,308.0833333333
profil_3_,424981.481483,210989.302682,2596.11507488,304.6166666667
profil_3_,424979.911386,210988.063813,2595.64358371,301.0333333333
profil_3_,424978.341289,210986.824945,2595.16385327,297.5833333333
profil_3_,424976.771192,210985.586076,2594.67941193,294.05
profil_3_,424975.201094,210984.347208,2594.19025969,290.3666666667
profil_3_,424973.630997,210983.108339,2593.69639656,286.0166666667
profil_3_,424972.0609,210981.869471,2593.19782254,281.8166666667
profil_3_,424970.490803,210980.630602,2592.69453762,277.8166666667
profil_3_,424968.920706,210979.391734,2592.18376726,273.6666666667
profil_3_,424967.350609,210978.152865,2591.66551428,270.3166666667
profil_3_,424965.780512,210976.913997,2591.14160063,268.1333333333
profil_3_,424964.210415,210975.675129,2590.61202631,264.7833333333
profil_3_,424962.640318,210974.43626,2590.07679131,261.2
profil_3_,424961.07022,210973.197392,2589.53589565,257.2833333333
profil_3_,424959.500123,210971.958523,2588.98686892,253.1
profil_3_,424957.930026,210970.719655,2588.4319888,249.7666666667
profil_3_,424956.359929,210969.480786,2587.87545443,246.65
profil_3_,424954.789832,210968.241918,2587.31044327,243.3833333333
profil_3_,424953.219735,210967.003049,2586.73991391,239.4
profil_3_,424951.649638,210965.764181,2586.16386634,235.1333333333
profil_3_,424949.655188,210965.615278,2585.56398078,230.6333333333
profil_3_,424947.660739,210965.466375,2584.93065624,225.9166666667
profil_3_,424945.66629,210965.317472,2584.29761448,221.8833333333
profil_3_,424943.671841,210965.168568,2583.66485549,217.5833333333
profil_3_,424941.677391,210965.019665,2583.03237926,212.0333333333
profil_3_,424939.682942,210964.870762,2582.39627308,206.2833333333
profil_3_,424937.688493,210964.721859,2581.73900324,200.8166666667
profil_3_,424935.694044,210964.572956,2581.08072848,195.5333333333
profil_3_,424933.699594,210964.424053,2580.4214488,190.8333333333
profil_3_,424931.705145,210964.27515,2579.76116421,186.1333333333
profil_3_,424929.710696,210964.126247,2579.10057142,181.35
profil_3_,424927.716247,210963.977344,2578.44387966,177.1666666667
profil_3_,424926.182249,210962.694046,2577.80797755,172.6
profil_3_,424924.648252,210961.410749,2577.17467073,168.8666666667
profil_3_,424923.114255,210960.127451,2576.5439592,165.0666666667
profil_3_,424921.580258,210958.844154,2575.89953002,160.9333333333
profil_3_,424920.04626,210957.560856,2575.24717356,157.6333333333
profil_3_,424918.512263,210956.277559,2574.58545037,154.2833333333
profil_3_,424916.978266,210954.994261,2573.92729041,151.1833333333
profil_3_,424915.444269,210953.710964,2573.27293688,148.2
profil_3_,424913.910271,210952.427666,2572.62238977,144.6
profil_3_,424912.376274,210951.144369,2571.97564908,141.6166666667
profil_3_,424910.842277,210949.861071,2571.33063837,139.2666666667
profil_3_,424909.30828,210948.577774,2570.65915635,137.0666666667
profil_3_,424907.774282,210947.294476,2569.98005788,134.8166666667
profil_3_,424906.240285,210946.011179,2569.30535217,132.3833333333
profil_3_,424904.706288,210944.727881,2568.63503923,129.05
profil_3_,424903.172291,210943.444584,2567.96911906,126.4833333333
profil_3_,424901.638293,210942.161286,2567.30759165,123.5666666667
profil_3_,424900.104296,210940.877989,2566.65045702,120.35
profil_3_,424898.570299,210939.594691,2565.94688901,117.4666666667
profil_3_,424897.036302,210938.311394,2565.22874739,115.2166666667
profil_3_,424895.502304,210937.028096,2564.51614238,113.2666666667
profil_3_,424893.968307,210935.744799,2563.80907399,110.0333333333
profil_3_,424892.43431,210934.461501,2563.10754222,107.05
profil_3_,424890.900313,210933.178204,2562.41154707,104.65
profil_3_,424889.366315,210931.894906,2561.71188064,102.1666666667
profil_3_,424887.832318,210930.611609,2560.99589408,100.1333333333
profil_3_,424886.298321,210929.328311,2560.26621555,98.5166666667
profil_3_,424884.764324,210928.045014,2559.53407052,96.95
profil_3_,424883.230326,210926.761716,2558.80898084,94.6333333333
profil_3_,424881.696329,210925.478419,2558.0909465,92.15
profil_3_,424880.162332,210924.195121,2557.37996749,89.55
profil_3_,424878.628335,210922.911824,2556.6882482,86.9333333333
profil_3_,424877.094337,210921.628526,2555.99216522,84.75
profil_3_,424875.56034,210920.345229,2555.28955556,82.8833333333
profil_3_,424874.026343,210919.061931,2554.57767073,80.8
profil_3_,424872.492346,210917.778634,2553.86965342,78.9166666667
profil_3_,424870.958348,210916.495336,2553.16828773,77.15
profil_3_,424869.424351,210915.212039,2552.48155989,75.4333333333
profil_3_,424867.890354,210913.928741,2551.80503663,73.3833333333
profil_3_,424866.356357,210912.645444,2551.12099665,71.2833333333
profil_3_,424864.822359,210911.362146,2550.42943995,68.9833333333
profil_3_,424863.288362,210910.078849,2549.73036652,66.1
profil_3_,424861.754365,210908.795551,2549.03634187,62.7333333333
profil_3_,424860.220368,210907.512254,2548.34909532,60.2666666667
profil_3_,424858.68637,210906.228956,2547.68731579,58.3166666667
profil_3_,424857.152373,210904.945659,2547.02270118,56.0666666667
profil_3_,424855.618376,210903.662362,2546.3510889,53.6833333333
profil_3_,424854.084379,210902.379064,2545.67247895,51.1333333333
profil_3_,424852.550381,210901.095767,2544.98687134,48.05
profil_3_,424851.016384,210899.812469,2544.29831196,45.65
profil_3_,424849.482387,210898.529172,2543.64404492,43.1166666667
profil_3_,424847.94839,210897.245874,2543.00605105,40.5166666667
profil_3_,424846.414392,210895.962577,2542.36147284,37.75
profil_3_,424844.880395,210894.679279,2541.71031028,35.2333333333
profil_4_,424886.7,211086.97,2575.76599831,240.8
profil_4_,424887.327498,211085.070988,2575.74076268,240.2166666667
profil_4_,424887.954996,211083.171976,2575.71616126,239.5833333333
profil_4_,424888.582495,211081.272964,2575.69219406,239.5333333333
profil_4_,424889.209993,211079.373953,2575.68527037,239.45
profil_4_,424889.837491,211077.474941,2575.71652816,240.4166666667
profil_4_,424890.464989,211075.575929,2575.75544112,241.35
profil_4_,424891.092488,211073.676917,2575.79582531,242.3333333333
profil_4_,424891.719986,211071.777905,2575.83657605,243.4166666667
profil_4_,424892.347484,211069.878893,2575.87916524,244.6333333333
profil_4_,424892.974982,211067.979882,2575.94681125,246.1666666667
profil_4_,424893.60248,211066.08087,2576.02061904,247.9
profil_4_,424894.229979,211064.181858,2576.10058861,249.2333333333
profil_4_,424894.857477,211062.282846,2576.18671996,250.5833333333
profil_4_,424895.484975,211060.383834,2576.27901308,252.0166666667
profil_4_,424896.112473,211058.484822,2576.36007187,253.4333333333
profil_4_,424896.739972,211056.585811,2576.43885286,255.15
profil_4_,424897.36747,211054.686799,2576.51930957,256.6333333333
profil_4_,424897.994968,211052.787787,2576.601442,257.0666666667
profil_4_,424898.622466,211050.888775,2576.68525017,257.65
profil_4_,424899.249964,211048.989763,2576.7587695,257.5166666667
profil_4_,424899.877463,211047.090751,2576.82623745,257.2166666667
profil_4_,424900.504961,211045.191739,2576.89306667,256.6833333333
profil_4_,424901.132459,211043.292728,2576.95861091,255.95
profil_4_,424901.759957,211041.393716,2577.0237595,254.65
profil_4_,424902.387456,211039.494704,2577.08006967,253.3833333333
profil_4_,424903.014954,211037.595692,2577.11593123,252
profil_4_,424903.642452,211035.69668,2577.15650576,250.8
profil_4_,424904.26995,211033.797668,2577.20179326,248.9166666667
profil_4_,424904.897448,211031.898657,2577.25179375,246.7333333333
profil_4_,424905.524947,211029.999645,2577.30650528,244.4666666667
profil_4_,424906.152445,211028.100633,2577.3531585,242.2
profil_4_,424906.779943,211026.201621,2577.39960226,239.5666666667
profil_4_,424907.407441,211024.302609,2577.44583656,236.9
profil_4_,424908.03494,211022.403597,2577.49186138,234.1166666667
profil_4_,424908.662438,211020.504585,2577.53767675,231.15
profil_4_,424909.289936,211018.605574,2577.59129839,228
profil_4_,424909.917434,211016.706562,2577.65134479,225
profil_4_,424910.544932,211014.80755,2577.71463401,221.3666666667
profil_4_,424911.172431,211012.908538,2577.77747092,217.6166666667
profil_4_,424911.799929,211011.009526,2577.83967361,213.8666666667
profil_4_,424912.427427,211009.110514,2577.88745668,209.8833333333
profil_4_,424913.054925,211007.211503,2577.92237723,205.8833333333
profil_4_,424913.682424,211005.312491,2577.96131836,202.9
profil_4_,424914.309922,211003.413479,2578.00428006,200
profil_4_,424914.93742,211001.514467,2578.05126234,196.75
profil_4_,424915.564918,210999.615455,2578.096884,193.5333333333
profil_4_,424916.192416,210997.716443,2578.12216373,190.5833333333
profil_4_,424916.819915,210995.817432,2578.14619249,187.6
profil_4_,424917.447413,210993.91842,2578.16897027,183.75
profil_4_,424918.074911,210992.019408,2578.19049708,179.9666666667
profil_4_,424918.702409,210990.120396,2578.21077291,177.7833333333
profil_4_,424919.329908,210988.221384,2578.22977185,175.55
profil_4_,424919.957406,210986.322372,2578.25294928,173.7833333333
profil_4_,424920.584904,210984.42336,2578.28071334,171.6666666667
profil_4_,424921.212402,210982.524349,2578.30754024,168.85
profil_4_,424921.8399,210980.625337,2578.33322672,166.2666666667
profil_4_,424922.467399,210978.726325,2578.33737855,164.3333333333
profil_4_,424923.094897,210976.827313,2578.33463479,163.4
profil_4_,424923.722395,210974.928301,2578.3358476,163.0333333333
profil_4_,424924.349893,210973.029289,2578.34101698,161.1166666667
profil_4_,424924.977392,210971.130278,2578.35014293,160.05
profil_4_,424925.60489,210969.231266,2578.35400169,159.9166666667
profil_4_,424926.232388,210967.332254,2578.34437264,159.6666666667
profil_4_,424926.859886,210965.433242,2578.33317259,160.0333333333
profil_4_,424927.487385,210963.53423,2578.32040156,160.8166666667
profil_4_,424928.004709,210961.602295,2578.26716338,160.6166666667
profil_4_,424928.522034,210959.670359,2578.21329049,160
profil_4_,424929.039358,210957.738423,2578.16414718,159.7333333333
profil_4_,424929.556683,210955.806488,2578.11834672,160.3
profil_4_,424930.074007,210953.874552,2578.07575711,161.0166666667
profil_4_,424930.591332,210951.942616,2578.03312859,161.25
profil_4_,424931.108657,210950.010681,2577.98930934,161.0166666667
profil_4_,424931.625981,210948.078745,2577.91824636,160.7833333333
profil_4_,424932.143306,210946.14681,2577.85035426,160.0333333333
profil_4_,424932.66063,210944.214874,2577.78579036,159.2833333333
profil_4_,424933.177955,210942.282938,2577.72455467,157.8833333333
profil_4_,424933.695279,210940.351003,2577.66664718,155.9333333333
profil_4_,424934.212604,210938.419067,2577.60702505,154.2833333333
profil_4_,424934.729929,210936.487131,2577.54463345,152.2333333333
profil_4_,424935.247253,210934.555196,2577.48009463,150.1166666667
profil_4_,424935.764578,210932.62326,2577.41340857,147.9833333333
profil_4_,424936.281902,210930.691324,2577.34457529,146.1833333333
profil_4_,424936.799227,210928.759389,2577.26749208,144.75
profil_4_,424937.316552,210926.827453,2577.1893487,143.5
profil_4_,424937.833876,210924.895518,2577.11452376,141.8666666667
profil_4_,424938.351201,210922.963582,2577.04301727,140.2666666667
profil_4_,424938.868525,210921.031646,2576.97482922,138.7666666667
profil_4_,424939.38585,210919.099711,2576.88978755,137.2166666667
profil_4_,424939.903174,210917.167775,2576.78079959,135.8833333333
profil_4_,424940.420499,210915.235839,2576.66479016,134.4333333333
profil_4_,424940.937824,210913.303904,2576.55066451,131.1166666667
profil_4_,424941.455148,210911.371968,2576.44004762,128.2333333333
profil_4_,424941.972473,210909.440033,2576.3368907,125.1833333333
profil_4_,424942.489797,210907.508097,2576.24301442,122.6833333333
profil_4_,424943.007122,210905.576161,2576.14658587,120.7333333333
profil_4_,424943.524446,210903.644226,2576.04760504,117.75
profil_4_,424944.041771,210901.71229,2575.94607193,114.0666666667
profil_4_,424944.559096,210899.780354,2575.84168618,111.1
profil_4_,424945.07642,210897.848419,2575.73545825,107.85
profil_4_,424945.593745,210895.916483,2575.63215837,105.1666666667
profil_4_,424946.111069,210893.984548,2575.53178653,102.0666666667
profil_4_,424946.628394,210892.052612,2575.43434273,98.5666666667
profil_4_,424947.145718,210890.120676,2575.33982696,94.8833333333
profil_4_,424947.663043,210888.188741,2575.2336038,91.1166666667
profil_4_,424948.180368,210886.256805,2575.12368877,87.5
profil_4_,424948.697692,210884.324869,2575.01087497,85.6
profil_4_,424949.215017,210882.392934,2574.89516241,84.0666666667
profil_4_,424949.732341,210880.460998,2574.7765511,82.4333333333
profil_4_,424950.249666,210878.529062,2574.66799538,81.3166666667
profil_4_,424950.766991,210876.597127,2574.55998913,80.1
profil_4_,424951.284315,210874.665191,2574.44951845,79.05
profil_4_,424951.80164,210872.733256,2574.33658334,77.7666666667
profil_4_,424952.318964,210870.80132,2574.22118379,75.75
